{"credit":"MadewithBlockbench","texture_size":[64,64],"textures":{"0":"elitecreatures:arcade_furniture_v2/blue_arcade","particle":"elitecreatures:arcade_furniture_v2/blue_arcade"},"elements":[{"from":[2,8,2],"to":[14,10,14],"faces":{"north":{"uv":[3,5,6,5.5],"texture":"#0"},"east":{"uv":[5.5,0,8.5,0.5],"texture":"#0"},"south":{"uv":[5.5,0.5,8.5,1],"texture":"#0"},"west":{"uv":[5.5,1,8.5,1.5],"texture":"#0"},"up":{"uv":[3,3,0,0],"texture":"#0"},"down":{"uv":[3,3,0,6],"texture":"#0"}}},{"from":[3,10,3],"to":[13,11,13],"faces":{"north":{"uv":[6.5,1.5,9,1.75],"texture":"#0"},"east":{"uv":[6.5,1.75,9,2],"texture":"#0"},"south":{"uv":[6.5,2,9,2.25],"texture":"#0"},"west":{"uv":[6.5,2.25,9,2.5],"texture":"#0"},"up":{"uv":[5.5,2.5,3,0],"texture":"#0"},"down":{"uv":[5.5,2.5,3,5],"texture":"#0"}}},{"from":[2,0,12],"to":[4,8,14],"faces":{"north":{"uv":[2,6,2.5,8],"texture":"#0"},"east":{"uv":[2.5,6,3,8],"texture":"#0"},"south":{"uv":[6,3.5,6.5,5.5],"texture":"#0"},"west":{"uv":[6,5.5,6.5,7.5],"texture":"#0"},"up":{"uv":[7,4.5,6.5,4],"texture":"#0"},"down":{"uv":[7,4.5,6.5,5],"texture":"#0"}}},{"from":[12,0,12],"to":[14,8,14],"rotation":{"angle":0,"axis":"y","origin":[16,0,0]},"faces":{"north":{"uv":[2.5,6,2,8],"texture":"#0"},"east":{"uv":[6.5,5.5,6,7.5],"texture":"#0"},"south":{"uv":[6.5,3.5,6,5.5],"texture":"#0"},"west":{"uv":[3,6,2.5,8],"texture":"#0"},"up":{"uv":[6.5,4.5,7,4],"texture":"#0"},"down":{"uv":[6.5,4.5,7,5],"texture":"#0"}}},{"from":[4,5,13],"to":[12,7,13],"rotation":{"angle":0,"axis":"y","origin":[16,0,0]},"faces":{"north":{"uv":[9,5.75,7,6.25],"texture":"#0"},"south":{"uv":[9,5.25,7,5.75],"texture":"#0"}}},{"from":[3,5,4],"to":[3,7,12],"rotation":{"angle":0,"axis":"y","origin":[8,0,8]},"faces":{"east":{"uv":[9,5.75,7,6.25],"texture":"#0"},"west":{"uv":[9,5.25,7,5.75],"texture":"#0"}}},{"from":[4,5,3],"to":[12,7,3],"rotation":{"angle":0,"axis":"y","origin":[8,0,8]},"faces":{"north":{"uv":[9,5.25,7,5.75],"texture":"#0"},"south":{"uv":[9,5.75,7,6.25],"texture":"#0"}}},{"from":[13,5,4],"to":[13,7,12],"rotation":{"angle":0,"axis":"y","origin":[8,0,8]},"faces":{"east":{"uv":[9,5.25,7,5.75],"texture":"#0"},"west":{"uv":[9,5.75,7,6.25],"texture":"#0"}}},{"from":[12,0,2],"to":[14,8,4],"rotation":{"angle":0,"axis":"y","origin":[16,0,16]},"faces":{"north":{"uv":[6,3.5,6.5,5.5],"texture":"#0"},"east":{"uv":[6,5.5,6.5,7.5],"texture":"#0"},"south":{"uv":[2,6,2.5,8],"texture":"#0"},"west":{"uv":[2.5,6,3,8],"texture":"#0"},"up":{"uv":[6.5,4,7,4.5],"texture":"#0"},"down":{"uv":[6.5,5,7,4.5],"texture":"#0"}}},{"from":[2,0,2],"to":[4,8,4],"rotation":{"angle":0,"axis":"y","origin":[0,0,16]},"faces":{"north":{"uv":[6.5,3.5,6,5.5],"texture":"#0"},"east":{"uv":[3,6,2.5,8],"texture":"#0"},"south":{"uv":[2.5,6,2,8],"texture":"#0"},"west":{"uv":[6.5,5.5,6,7.5],"texture":"#0"},"up":{"uv":[7,4,6.5,4.5],"texture":"#0"},"down":{"uv":[7,5,6.5,4.5],"texture":"#0"}}}],"gui_light":"front","display":{"thirdperson_righthand":{"rotation":[67.5,0,0],"translation":[0,2,0.5],"scale":[0.31445,0.31445,0.31445]},"thirdperson_lefthand":{"rotation":[67.5,0,0],"translation":[0,2,0.5],"scale":[0.31445,0.31445,0.31445]},"firstperson_righthand":{"translation":[2.25,3,-4.25],"scale":[0.6832,0.6832,0.6832]},"firstperson_lefthand":{"translation":[2.25,3,-4.25],"scale":[0.6832,0.6832,0.6832]},"ground":{"translation":[0,2,0],"scale":[0.5,0.5,0.5]},"gui":{"rotation":[30,45,0],"translation":[0,1.4,0],"scale":[0.69336,0.69336,0.69336]},"head":{"rotation":[0,-180,0],"translation":[0,-30.4,0],"scale":[0,0,0]},"fixed":{"rotation":[-90,180,0],"translation":[0,0,-18.5],"scale":[2.3125,2.3125,2.3125]}}}