{"credit":"MadewithBlockbench","texture_size":[128,128],"textures":{"0":"elitecreatures:arcade_furniture_v2/coin_pusher","particle":"elitecreatures:arcade_furniture_v2/coin_pusher"},"elements":[{"from":[0,0,-2],"to":[16,12,16],"faces":{"north":{"uv":[0,6.25,2,7.75],"texture":"#0"},"east":{"uv":[7.75,6,5.5,7.5],"texture":"#0"},"south":{"uv":[5.5,7.5,7.5,9],"texture":"#0"},"west":{"uv":[5.5,6,7.75,7.5],"texture":"#0"},"up":{"uv":[2,2.25,0,0],"texture":"#0"},"down":{"uv":[4,0,2,2.25],"texture":"#0"}}},{"from":[0,28,0],"to":[16,32,16],"faces":{"north":{"uv":[6,5.5,8,6],"texture":"#0"},"east":{"uv":[9.75,2.75,7.75,3.25],"texture":"#0"},"south":{"uv":[7.75,2.25,9.75,2.75],"texture":"#0"},"west":{"uv":[7.75,2.75,9.75,3.25],"texture":"#0"},"up":{"uv":[6,6,4,4],"texture":"#0"},"down":{"uv":[2,4.25,0,6.25],"texture":"#0"}}},{"from":[0,12,0],"to":[16,28,0],"faces":{"north":{"uv":[0,2.25,2,4.25],"texture":"#0"},"east":{"uv":[0,0,0,2],"texture":"#0"},"south":{"uv":[0,2.25,2,4.25],"texture":"#0"},"west":{"uv":[0,0,0,2],"texture":"#0"},"up":{"uv":[2,0,0,0],"texture":"#0"},"down":{"uv":[2,0,0,0],"texture":"#0"}}},{"from":[0.005,12,0],"to":[0.005,28,14],"faces":{"north":{"uv":[0,0,0,2],"texture":"#0"},"east":{"uv":[7.75,0,6,2],"texture":"#0"},"south":{"uv":[0,0,0,2],"texture":"#0"},"west":{"uv":[6,0,7.75,2],"texture":"#0"},"up":{"uv":[0,1.75,0,0],"texture":"#0"},"down":{"uv":[0,0,0,1.75],"texture":"#0"}}},{"from":[15.995,12,0],"to":[15.995,28,14],"faces":{"north":{"uv":[0,0,0,2],"texture":"#0"},"east":{"uv":[7.75,0,6,2],"texture":"#0"},"south":{"uv":[0,0,0,2],"texture":"#0"},"west":{"uv":[6,0,7.75,2],"texture":"#0"},"up":{"uv":[0,1.75,0,0],"texture":"#0"},"down":{"uv":[0,0,0,1.75],"texture":"#0"}}},{"from":[0,12,14],"to":[16,28,16],"faces":{"north":{"uv":[4,0,6,2],"texture":"#0"},"east":{"uv":[2.5,6.25,2.25,8.25],"texture":"#0"},"south":{"uv":[4,2,6,4],"texture":"#0"},"west":{"uv":[2.25,6.25,2.5,8.25],"texture":"#0"},"up":{"uv":[4.5,8.25,2.5,8],"texture":"#0"},"down":{"uv":[10,5.5,8,5.75],"texture":"#0"}}},{"from":[0,12,7],"to":[16,14,14],"faces":{"north":{"uv":[8,5.75,10,6],"texture":"#0"},"east":{"uv":[2.5,7.25,3.375,7.5],"texture":"#0"},"south":{"uv":[2,8.25,4,8.5],"texture":"#0"},"west":{"uv":[2.5,7.5,3.375,7.75],"texture":"#0"},"up":{"uv":[9.75,0.875,7.75,0],"texture":"#0"},"down":{"uv":[9.75,0.875,7.75,1.75],"texture":"#0"}}},{"from":[0,16,11],"to":[16,19,14],"faces":{"north":{"uv":[7.75,3.25,9.75,3.625],"texture":"#0"},"east":{"uv":[3.25,6.25,3.625,6.625],"texture":"#0"},"south":{"uv":[7.75,3.625,9.75,4],"texture":"#0"},"west":{"uv":[3.25,6.625,3.625,7],"texture":"#0"},"up":{"uv":[9.75,6.375,7.75,6],"texture":"#0"},"down":{"uv":[9.75,6.375,7.75,6.75],"texture":"#0"}}},{"from":[0,20,11],"to":[16,28,14],"faces":{"north":{"uv":[7.5,7.5,9.5,8.5],"texture":"#0"},"east":{"uv":[2.5,6.25,2.875,7.25],"texture":"#0"},"south":{"uv":[0,7.75,2,8.75],"texture":"#0"},"west":{"uv":[2.875,6.25,3.25,7.25],"texture":"#0"},"up":{"uv":[9.75,7.125,7.75,6.75],"texture":"#0"},"down":{"uv":[9.75,7.125,7.75,7.5],"texture":"#0"}}},{"from":[0.7,12,4.6],"to":[2.7,13,6.6],"rotation":{"angle":22.5,"axis":"y","origin":[1.3,12.5,6]},"faces":{"north":{"uv":[4,8.5,4.25,8.625],"texture":"#0"},"east":{"uv":[8.5,4,8.75,4.125],"texture":"#0"},"south":{"uv":[8.5,4.125,8.75,4.25],"texture":"#0"},"west":{"uv":[4.25,8.5,4.5,8.625],"texture":"#0"},"up":{"uv":[3,8,2.75,7.75],"texture":"#0"},"down":{"uv":[3.25,7.75,3,8],"texture":"#0"}}},{"from":[0.69647,12,1.41287],"to":[2.69647,13,3.41287],"rotation":{"angle":-22.5,"axis":"y","origin":[1.59647,12.5,1.81287]},"faces":{"north":{"uv":[8.5,4.625,8.75,4.75],"texture":"#0"},"east":{"uv":[4.75,8.5,5,8.625],"texture":"#0"},"south":{"uv":[8.5,4.75,8.75,4.875],"texture":"#0"},"west":{"uv":[8.5,4.875,8.75,5],"texture":"#0"},"up":{"uv":[4.75,8.25,4.5,8],"texture":"#0"},"down":{"uv":[5,8,4.75,8.25],"texture":"#0"}}},{"from":[3.16424,12,3.41201],"to":[5.16424,13,5.41201],"rotation":{"angle":45,"axis":"y","origin":[3.36424,12.5,4.71201]},"faces":{"north":{"uv":[8.5,4.25,8.75,4.375],"texture":"#0"},"east":{"uv":[8.5,4.375,8.75,4.5],"texture":"#0"},"south":{"uv":[4.5,8.5,4.75,8.625],"texture":"#0"},"west":{"uv":[8.5,4.5,8.75,4.625],"texture":"#0"},"up":{"uv":[3.5,8,3.25,7.75],"texture":"#0"},"down":{"uv":[3.75,7.75,3.5,8],"texture":"#0"}}},{"from":[4.5,12,4.9],"to":[6.5,13,6.9],"rotation":{"angle":0,"axis":"y","origin":[12,12.5,6]},"faces":{"north":{"uv":[3,8.5,3.25,8.625],"texture":"#0"},"east":{"uv":[3.25,8.5,3.5,8.625],"texture":"#0"},"south":{"uv":[3.5,8.5,3.75,8.625],"texture":"#0"},"west":{"uv":[3.75,8.5,4,8.625],"texture":"#0"},"up":{"uv":[3.625,7.75,3.375,7.5],"texture":"#0"},"down":{"uv":[2.75,7.75,2.5,8],"texture":"#0"}}},{"from":[5.77612,13,4.61732],"to":[7.77612,14,6.61732],"rotation":{"angle":0,"axis":"y","origin":[8.07612,13.5,5.61732]},"faces":{"north":{"uv":[8.5,5.25,8.75,5.375],"texture":"#0"},"east":{"uv":[8.5,5.375,8.75,5.5],"texture":"#0"},"south":{"uv":[7.5,8.5,7.75,8.625],"texture":"#0"},"west":{"uv":[7.75,8.5,8,8.625],"texture":"#0"},"up":{"uv":[4.25,8.5,4,8.25],"texture":"#0"},"down":{"uv":[8.5,4,8.25,4.25],"texture":"#0"}}},{"from":[5.46133,12,1.995],"to":[7.46133,13,3.995],"rotation":{"angle":22.5,"axis":"y","origin":[6.46133,12.5,3.395]},"faces":{"north":{"uv":[5,8.5,5.25,8.625],"texture":"#0"},"east":{"uv":[8.5,5,8.75,5.125],"texture":"#0"},"south":{"uv":[8.5,5.125,8.75,5.25],"texture":"#0"},"west":{"uv":[5.25,8.5,5.5,8.625],"texture":"#0"},"up":{"uv":[5.25,8.25,5,8],"texture":"#0"},"down":{"uv":[5.5,8,5.25,8.25],"texture":"#0"}}},{"from":[7,12,5],"to":[9,13,7],"rotation":{"angle":-22.5,"axis":"y","origin":[9,12.5,6]},"faces":{"north":{"uv":[2,8.5,2.25,8.625],"texture":"#0"},"east":{"uv":[2.25,8.5,2.5,8.625],"texture":"#0"},"south":{"uv":[2.5,8.5,2.75,8.625],"texture":"#0"},"west":{"uv":[2.75,8.5,3,8.625],"texture":"#0"},"up":{"uv":[3.75,7.25,3.5,7],"texture":"#0"},"down":{"uv":[3.625,7.25,3.375,7.5],"texture":"#0"}}},{"from":[10,12,3.5],"to":[12,13,5.5],"rotation":{"angle":22.5,"axis":"y","origin":[9,12.5,6]},"faces":{"north":{"uv":[8.25,4.75,8.5,4.875],"texture":"#0"},"east":{"uv":[8.25,4.875,8.5,5],"texture":"#0"},"south":{"uv":[5,8.25,5.25,8.375],"texture":"#0"},"west":{"uv":[8.25,5,8.5,5.125],"texture":"#0"},"up":{"uv":[4,5,3.75,4.75],"texture":"#0"},"down":{"uv":[4,5,3.75,5.25],"texture":"#0"}}},{"from":[11,12,4.9],"to":[13,13,6.9],"rotation":{"angle":0,"axis":"y","origin":[12,12.5,6]},"faces":{"north":{"uv":[8.25,5.125,8.5,5.25],"texture":"#0"},"east":{"uv":[5.25,8.25,5.5,8.375],"texture":"#0"},"south":{"uv":[8.25,5.25,8.5,5.375],"texture":"#0"},"west":{"uv":[8.25,5.375,8.5,5.5],"texture":"#0"},"up":{"uv":[4,5.5,3.75,5.25],"texture":"#0"},"down":{"uv":[4,5.5,3.75,5.75],"texture":"#0"}}},{"from":[11.8,12,1.9],"to":[13.8,13,3.9],"rotation":{"angle":-22.5,"axis":"y","origin":[12,12.5,3.5]},"faces":{"north":{"uv":[4.5,8.375,4.75,8.5],"texture":"#0"},"east":{"uv":[4.75,8.375,5,8.5],"texture":"#0"},"south":{"uv":[5,8.375,5.25,8.5],"texture":"#0"},"west":{"uv":[5.25,8.375,5.5,8.5],"texture":"#0"},"up":{"uv":[4,6,3.75,5.75],"texture":"#0"},"down":{"uv":[3.5,7,3.25,7.25],"texture":"#0"}}},{"from":[11.9,13,3.9],"to":[13.9,14,5.9],"rotation":{"angle":-22.5,"axis":"y","origin":[12,12.5,6]},"faces":{"north":{"uv":[8,8.5,8.25,8.625],"texture":"#0"},"east":{"uv":[8.25,8.5,8.5,8.625],"texture":"#0"},"south":{"uv":[8.5,8.5,8.75,8.625],"texture":"#0"},"west":{"uv":[2,8.625,2.25,8.75],"texture":"#0"},"up":{"uv":[4.5,8.5,4.25,8.25],"texture":"#0"},"down":{"uv":[8.5,4.25,8.25,4.5],"texture":"#0"}}},{"from":[13.5,12,4.5],"to":[15.5,13,6.5],"rotation":{"angle":22.5,"axis":"y","origin":[14.5,12.5,5.5]},"faces":{"north":{"uv":[4.5,8.25,4.75,8.375],"texture":"#0"},"east":{"uv":[8.25,4.5,8.5,4.625],"texture":"#0"},"south":{"uv":[8.25,4.625,8.5,4.75],"texture":"#0"},"west":{"uv":[4.75,8.25,5,8.375],"texture":"#0"},"up":{"uv":[4,4.5,3.75,4.25],"texture":"#0"},"down":{"uv":[4,4.5,3.75,4.75],"texture":"#0"}}}],"gui_light":"front","display":{"thirdperson_righthand":{"rotation":[67.5,0,0],"translation":[0,1,-0.75],"scale":[0.18165,0.18165,0.18165]},"thirdperson_lefthand":{"rotation":[67.5,0,0],"translation":[0,1,-0.75],"scale":[0.18165,0.18165,0.18165]},"firstperson_righthand":{"translation":[1,1.5,-2],"scale":[0.37657,0.37657,0.37657]},"firstperson_lefthand":{"translation":[1,1.5,-2],"scale":[0.37657,0.37657,0.37657]},"ground":{"translation":[0,5.75,0],"scale":[0.37891,0.37891,0.37891]},"gui":{"rotation":[30,-135,0],"translation":[-0.5,-2.5,0],"scale":[0.36524,0.36524,0.36524]},"head":{"rotation":[0,-180,0],"translation":[0,-30.4,0],"scale":[0,0,0]},"fixed":{"rotation":[-90,0,0],"translation":[0,0,-16],"scale":[2,2,2]}}}