{"credit":"MadewithBlockbench","texture_size":[128,128],"textures":{"0":"elitecreatures:arcade_furniture_v2/dance_arcade_machine","particle":"elitecreatures:arcade_furniture_v2/dance_arcade_machine"},"elements":[{"from":[-4,-2,-12],"to":[20,13,-1],"rotation":{"angle":0,"axis":"y","origin":[8,0.05,6]},"faces":{"north":{"uv":[0,6,3,7.875],"texture":"#0"},"east":{"uv":[9,3.75,10.375,5.625],"texture":"#0"},"south":{"uv":[6,0,9,1.875],"texture":"#0"},"west":{"uv":[10.375,3.75,9,5.625],"texture":"#0"},"up":{"uv":[9,5,6,3.625],"texture":"#0"},"down":{"uv":[9,5,6,6.375],"texture":"#0"}}},{"from":[-3,-3,-11],"to":[19,-2,-2],"rotation":{"angle":0,"axis":"y","origin":[8,0.05,6]},"faces":{"north":{"uv":[7.375,10.375,10.125,10.5],"texture":"#0"},"east":{"uv":[10.5,10.125,11.625,10.25],"texture":"#0"},"south":{"uv":[10.125,10.375,12.875,10.5],"texture":"#0"},"west":{"uv":[10.5,10.25,11.625,10.375],"texture":"#0"},"up":{"uv":[2.75,9,0,7.875],"texture":"#0"},"down":{"uv":[2.75,9,0,10.125],"texture":"#0"}}},{"from":[-4,-7,-12],"to":[20,-3,-1],"rotation":{"angle":0,"axis":"y","origin":[8,0.05,6]},"faces":{"north":{"uv":[4.5,9.875,7.5,10.375],"texture":"#0"},"east":{"uv":[4.5,9.125,5.875,9.625],"texture":"#0"},"south":{"uv":[7.5,9.875,10.5,10.375],"texture":"#0"},"west":{"uv":[0,10.125,1.375,10.625],"texture":"#0"},"up":{"uv":[9,7.75,6,6.375],"texture":"#0"},"down":{"uv":[6,7.75,3,9.125],"texture":"#0"}}},{"from":[-16,-6.9,-1],"to":[32,-6.9,4],"rotation":{"angle":0,"axis":"y","origin":[8,0.05,6]},"faces":{"north":{"uv":[0,0,6,0],"texture":"#0"},"east":{"uv":[0,0,0.625,0],"texture":"#0"},"south":{"uv":[0,0,6,0],"texture":"#0"},"west":{"uv":[0,0,0.625,0],"texture":"#0"},"up":{"uv":[12,8.375,6,7.75],"texture":"#0"},"down":{"uv":[12,8.375,6,9],"texture":"#0"}}},{"from":[-4,13,-12],"to":[20,27,-5],"rotation":{"angle":0,"axis":"y","origin":[8,0.05,6]},"faces":{"north":{"uv":[6,1.875,9,3.625],"texture":"#0"},"east":{"uv":[2.75,9.125,3.625,10.875],"texture":"#0"},"south":{"uv":[3,6,6,7.75],"texture":"#0"},"west":{"uv":[3.625,9.125,2.75,10.875],"texture":"#0"},"up":{"uv":[12,2.875,9,2],"texture":"#0"},"down":{"uv":[12,2.875,9,3.75],"texture":"#0"}}},{"from":[-4,27,-12],"to":[20,32,-4],"rotation":{"angle":0,"axis":"y","origin":[8,0.05,6]},"faces":{"north":{"uv":[6,9,9,9.625],"texture":"#0"},"east":{"uv":[1.375,10.125,2.375,10.75],"texture":"#0"},"south":{"uv":[9,9,12,9.625],"texture":"#0"},"west":{"uv":[2.375,10.125,1.375,10.75],"texture":"#0"},"up":{"uv":[12,1,9,0],"texture":"#0"},"down":{"uv":[12,1,9,2],"texture":"#0"}}},{"from":[-16,-7,4],"to":[32,-5,28],"rotation":{"angle":0,"axis":"y","origin":[8,-4,16]},"faces":{"north":{"uv":[9,7.5,15,7.75],"texture":"#0"},"east":{"uv":[10.375,3.75,13.375,4],"texture":"#0"},"south":{"uv":[4.5,9.625,10.5,9.875],"texture":"#0"},"west":{"uv":[10.375,4,13.375,4.25],"texture":"#0"},"up":{"uv":[6,3,0,0],"texture":"#0"},"down":{"uv":[6,3,0,6],"texture":"#0"}}},{"from":[23,-5,26.5],"to":[25.1,10,27.5],"rotation":{"angle":0,"axis":"y","origin":[6.5,11.05,9]},"faces":{"north":{"uv":[2.375,10.125,2.625,12],"texture":"#0"},"east":{"uv":[2.625,10.125,2.75,12],"texture":"#0"},"south":{"uv":[4.5,10.375,4.75,12.25],"texture":"#0"},"west":{"uv":[10.125,10.5,10.25,12.375],"texture":"#0"},"up":{"uv":[1.375,10.75,1.125,10.625],"texture":"#0"},"down":{"uv":[10.875,6.625,10.625,6.75],"texture":"#0"}}},{"from":[15.1,-5,26.5],"to":[17.1,10,27.5],"rotation":{"angle":0,"axis":"y","origin":[6.5,11.05,9]},"faces":{"north":{"uv":[4.75,10.375,5,12.25],"texture":"#0"},"east":{"uv":[10.25,10.5,10.375,12.375],"texture":"#0"},"south":{"uv":[10.375,4.875,10.625,6.75],"texture":"#0"},"west":{"uv":[10.375,10.5,10.5,12.375],"texture":"#0"},"up":{"uv":[9.125,10.875,8.875,10.75],"texture":"#0"},"down":{"uv":[9.375,10.75,9.125,10.875],"texture":"#0"}}},{"from":[14.6,9,26],"to":[25.6,11,28],"rotation":{"angle":0,"axis":"y","origin":[6.5,11.05,9]},"faces":{"north":{"uv":[6,10.375,7.375,10.625],"texture":"#0"},"east":{"uv":[2.75,8.375,3,8.625],"texture":"#0"},"south":{"uv":[10.375,6.75,11.75,7],"texture":"#0"},"west":{"uv":[2.75,8.625,3,8.875],"texture":"#0"},"up":{"uv":[11.75,7.25,10.375,7],"texture":"#0"},"down":{"uv":[11.75,7.25,10.375,7.5],"texture":"#0"}}},{"from":[14.6,7,26],"to":[17.6,9,28],"rotation":{"angle":0,"axis":"y","origin":[6.5,11.05,9]},"faces":{"north":{"uv":[0.375,10.625,0.75,10.875],"texture":"#0"},"east":{"uv":[2.75,7.875,3,8.125],"texture":"#0"},"south":{"uv":[0.75,10.625,1.125,10.875],"texture":"#0"},"west":{"uv":[2.75,8.125,3,8.375],"texture":"#0"},"up":{"uv":[11,5.125,10.625,4.875],"texture":"#0"},"down":{"uv":[11,5.125,10.625,5.375],"texture":"#0"}}},{"from":[22.6,7,26],"to":[25.6,9,28],"rotation":{"angle":0,"axis":"y","origin":[6.5,11.05,9]},"faces":{"north":{"uv":[10.625,5.375,11,5.625],"texture":"#0"},"east":{"uv":[2.75,8.875,3,9.125],"texture":"#0"},"south":{"uv":[10.625,5.625,11,5.875],"texture":"#0"},"west":{"uv":[7.125,10.625,7.375,10.875],"texture":"#0"},"up":{"uv":[11,6.125,10.625,5.875],"texture":"#0"},"down":{"uv":[6.375,10.625,6,10.875],"texture":"#0"}}},{"from":[-8.9,-5,26.5],"to":[-6.9,10,27.5],"rotation":{"angle":0,"axis":"y","origin":[6.5,11.05,9]},"faces":{"north":{"uv":[4.75,10.375,5,12.25],"texture":"#0"},"east":{"uv":[10.25,10.5,10.375,12.375],"texture":"#0"},"south":{"uv":[10.375,4.875,10.625,6.75],"texture":"#0"},"west":{"uv":[10.375,10.5,10.5,12.375],"texture":"#0"},"up":{"uv":[9.125,10.875,8.875,10.75],"texture":"#0"},"down":{"uv":[9.375,10.75,9.125,10.875],"texture":"#0"}}},{"from":[-9.4,9,26],"to":[1.6,11,28],"rotation":{"angle":0,"axis":"y","origin":[6.5,11.05,9]},"faces":{"north":{"uv":[6,10.375,7.375,10.625],"texture":"#0"},"east":{"uv":[2.75,8.375,3,8.625],"texture":"#0"},"south":{"uv":[10.375,6.75,11.75,7],"texture":"#0"},"west":{"uv":[2.75,8.625,3,8.875],"texture":"#0"},"up":{"uv":[11.75,7.25,10.375,7],"texture":"#0"},"down":{"uv":[11.75,7.25,10.375,7.5],"texture":"#0"}}},{"from":[-9.4,7,26],"to":[-6.4,9,28],"rotation":{"angle":0,"axis":"y","origin":[6.5,11.05,9]},"faces":{"north":{"uv":[0.375,10.625,0.75,10.875],"texture":"#0"},"east":{"uv":[2.75,7.875,3,8.125],"texture":"#0"},"south":{"uv":[0.75,10.625,1.125,10.875],"texture":"#0"},"west":{"uv":[2.75,8.125,3,8.375],"texture":"#0"},"up":{"uv":[11,5.125,10.625,4.875],"texture":"#0"},"down":{"uv":[11,5.125,10.625,5.375],"texture":"#0"}}},{"from":[-1.4,7,26],"to":[1.6,9,28],"rotation":{"angle":0,"axis":"y","origin":[6.5,11.05,9]},"faces":{"north":{"uv":[10.625,5.375,11,5.625],"texture":"#0"},"east":{"uv":[2.75,8.875,3,9.125],"texture":"#0"},"south":{"uv":[10.625,5.625,11,5.875],"texture":"#0"},"west":{"uv":[7.125,10.625,7.375,10.875],"texture":"#0"},"up":{"uv":[11,6.125,10.625,5.875],"texture":"#0"},"down":{"uv":[6.375,10.625,6,10.875],"texture":"#0"}}},{"from":[-1,-5,26.5],"to":[1.1,10,27.5],"rotation":{"angle":0,"axis":"y","origin":[6.5,11.05,9]},"faces":{"north":{"uv":[2.375,10.125,2.625,12],"texture":"#0"},"east":{"uv":[2.625,10.125,2.75,12],"texture":"#0"},"south":{"uv":[4.5,10.375,4.75,12.25],"texture":"#0"},"west":{"uv":[10.125,10.5,10.25,12.375],"texture":"#0"},"up":{"uv":[1.375,10.75,1.125,10.625],"texture":"#0"},"down":{"uv":[10.875,6.625,10.625,6.75],"texture":"#0"}}}],"gui_light":"front","display":{"thirdperson_righthand":{"rotation":[67.5,0,0],"translation":[0,2.5,1.75],"scale":[0.14766,0.14766,0.14766]},"thirdperson_lefthand":{"rotation":[67.5,0,0],"translation":[0,2.5,1.75],"scale":[0.14766,0.14766,0.14766]},"firstperson_righthand":{"translation":[-0.25,4.75,0],"scale":[0.21211,0.21211,0.21211]},"firstperson_lefthand":{"translation":[-0.25,4.75,0],"scale":[0.21211,0.21211,0.21211]},"ground":{"translation":[0,6,0],"scale":[0.19453,0.19453,0.19453]},"gui":{"rotation":[30,45,0],"translation":[-0.5,-0.6,0],"scale":[0.23164,0.23164,0.23164]},"head":{"translation":[0,-19.25,0],"scale":[0,0,0]},"fixed":{"rotation":[-90,180,0],"translation":[0,0,-30],"scale":[2,2,2]}}}