{"credit":"MadewithBlockbench","texture_size":[64,64],"textures":{"0":"elitecreatures:arcade_furniture_v2/dartboard","particle":"elitecreatures:arcade_furniture_v2/dartboard"},"elements":[{"from":[1.5,1,1.5],"to":[14.5,2,14.5],"rotation":{"angle":0,"axis":"y","origin":[8,1,8]},"faces":{"north":{"uv":[3.25,7.75,6.5,8],"texture":"#0"},"east":{"uv":[6.5,7.75,9.75,8],"texture":"#0"},"south":{"uv":[6.5,7.5,9.75,7.75],"texture":"#0"},"west":{"uv":[0,7.75,3.25,8],"texture":"#0"},"up":{"uv":[0,4.5,3.25,7.75],"rotation":270,"texture":"#0"},"down":{"uv":[3.25,7.75,6.5,4.5],"texture":"#0"}}},{"from":[0,0,-1],"to":[16,1,17],"rotation":{"angle":0,"axis":"y","origin":[8,1,8]},"faces":{"north":{"uv":[6.5,5.25,10.5,5.5],"texture":"#0"},"east":{"uv":[6.5,4.75,11,5],"texture":"#0"},"south":{"uv":[6.5,5,10.5,5.25],"texture":"#0"},"west":{"uv":[6.5,4.5,11,4.75],"texture":"#0"},"up":{"uv":[0,0,4,4.5],"texture":"#0"},"down":{"uv":[4,4.5,8,0],"texture":"#0"}}},{"from":[0,1,16],"to":[16,2,17],"rotation":{"angle":0,"axis":"y","origin":[8,1,8]},"faces":{"north":{"uv":[6.5,5.75,10.5,6],"texture":"#0"},"east":{"uv":[8,0,8.25,0.25],"texture":"#0"},"south":{"uv":[6.5,5.5,10.5,5.75],"texture":"#0"},"west":{"uv":[0,8,0.25,8.25],"texture":"#0"},"up":{"uv":[6.5,6,10.5,6.25],"texture":"#0"},"down":{"uv":[6.5,6.5,10.5,6.25],"texture":"#0"}}},{"from":[0,1,-1],"to":[16,2,0],"rotation":{"angle":0,"axis":"y","origin":[8,1,8]},"faces":{"north":{"uv":[6.5,6.75,10.5,7],"texture":"#0"},"east":{"uv":[8,0.25,8.25,0.5],"texture":"#0"},"south":{"uv":[6.5,6.5,10.5,6.75],"texture":"#0"},"west":{"uv":[0.25,8,0.5,8.25],"texture":"#0"},"up":{"uv":[6.5,7,10.5,7.25],"texture":"#0"},"down":{"uv":[6.5,7.5,10.5,7.25],"texture":"#0"}}}],"gui_light":"front","display":{"thirdperson_righthand":{"rotation":[67.5,0,0],"translation":[0,4,2.25],"scale":[0.36914,0.36914,0.36914]},"thirdperson_lefthand":{"rotation":[67.5,0,0],"translation":[0,4,2.25],"scale":[0.36914,0.36914,0.36914]},"firstperson_righthand":{"translation":[1.25,6,0],"scale":[0.59922,0.59922,0.59922]},"firstperson_lefthand":{"translation":[1.25,6,0],"scale":[0.59922,0.59922,0.59922]},"ground":{"translation":[0,6.25,0],"scale":[0.5,0.5,0.5]},"gui":{"rotation":[90,0,0],"translation":[-0.25,-0.1,0],"scale":[0.69922,0.69922,0.69922]},"head":{"translation":[0,-30.4,0],"scale":[0,0,0]},"fixed":{"rotation":[-90,180,0],"translation":[0,0,-16],"scale":[2,2,2]}}}