{"credit":"MadewithBlockbench","texture_size":[128,128],"textures":{"0":"elitecreatures:arcade_furniture_v2/motorcycle_racing_arcade","particle":"elitecreatures:arcade_furniture_v2/motorcycle_racing_arcade"},"elements":[{"from":[-4,-4,-16],"to":[20,12,-4],"rotation":{"angle":0,"axis":"y","origin":[8,17,-11]},"faces":{"north":{"uv":[0,3.125,3,5.125],"texture":"#0"},"east":{"uv":[6,6,7.5,8],"texture":"#0"},"south":{"uv":[3,3.125,6,5.125],"texture":"#0"},"west":{"uv":[7.5,6,6,8],"texture":"#0"},"up":{"uv":[6,6.625,3,5.125],"texture":"#0"},"down":{"uv":[9,2,6,3.5],"texture":"#0"}}},{"from":[-4,12,-16],"to":[20,28,-8],"rotation":{"angle":0,"axis":"y","origin":[8,20,-12]},"faces":{"north":{"uv":[4,0,7,2],"texture":"#0"},"east":{"uv":[4.5,6.625,5.5,8.625],"texture":"#0"},"south":{"uv":[0,5.125,3,7.125],"texture":"#0"},"west":{"uv":[5.5,6.625,4.5,8.625],"texture":"#0"},"up":{"uv":[10,1,7,0],"texture":"#0"},"down":{"uv":[10,1,7,2],"texture":"#0"}}},{"from":[-4,28,-16],"to":[20,32,-6],"rotation":{"angle":0,"axis":"y","origin":[8,17,-11]},"faces":{"north":{"uv":[7.5,6,10.5,6.5],"texture":"#0"},"east":{"uv":[3.75,8.625,5,9.125],"texture":"#0"},"south":{"uv":[7.5,6.5,10.5,7],"texture":"#0"},"west":{"uv":[5,8.625,3.75,9.125],"texture":"#0"},"up":{"uv":[9,4.75,6,3.5],"texture":"#0"},"down":{"uv":[9,4.75,6,6],"texture":"#0"}}},{"from":[0,-4,-4],"to":[16,-2,21],"rotation":{"angle":0,"axis":"y","origin":[6.25,4.75,9.25]},"faces":{"north":{"uv":[0,9.125,2,9.375],"texture":"#0"},"east":{"uv":[8,8,11.125,8.25],"texture":"#0"},"south":{"uv":[9.25,7,11.25,7.25],"texture":"#0"},"west":{"uv":[8,8.25,11.125,8.5],"texture":"#0"},"up":{"uv":[2,3.125,0,0],"texture":"#0"},"down":{"uv":[4,0,2,3.125],"texture":"#0"}}},{"from":[6,0,14.5],"to":[10,8,22.5],"rotation":{"angle":0,"axis":"y","origin":[8,4,18.5]},"faces":{"north":{"uv":[7.375,9.125,7.875,10.125],"texture":"#0"},"east":{"uv":[7.5,7,8.5,8],"texture":"#0"},"south":{"uv":[7.375,10.125,7.875,9.125],"texture":"#0"},"west":{"uv":[8.5,7,7.5,8],"texture":"#0"},"up":{"uv":[7.875,10.125,7.375,9.125],"texture":"#0"},"down":{"uv":[7.875,10.125,7.375,9.125],"texture":"#0"}}},{"from":[6,0,-3],"to":[10,8,5],"rotation":{"angle":0,"axis":"y","origin":[8,4,18.5]},"faces":{"north":{"uv":[7.375,9.125,7.875,10.125],"texture":"#0"},"east":{"uv":[7.5,7,8.5,8],"texture":"#0"},"south":{"uv":[7.375,9.125,7.875,10.125],"texture":"#0"},"west":{"uv":[8.5,7,7.5,8],"texture":"#0"},"up":{"uv":[7.875,10.125,7.375,9.125],"texture":"#0"},"down":{"uv":[7.875,9.125,7.375,10.125],"texture":"#0"}}},{"from":[5.001,8.26956,2.2462],"to":[10.996,12.26956,8.2462],"rotation":{"angle":22.5,"axis":"x","origin":[8,10.26956,5.3462]},"faces":{"north":{"uv":[7.875,9.5,8.625,10],"texture":"#0"},"east":{"uv":[9.625,2,10.375,2.5],"texture":"#0"},"south":{"uv":[9.625,2.5,10.375,3],"texture":"#0"},"west":{"uv":[10.375,2,9.625,2.5],"texture":"#0"},"up":{"uv":[5.75,9.75,5,9],"texture":"#0"},"down":{"uv":[9.75,5.25,9,6],"texture":"#0"}}},{"from":[5,8.9,-1.1],"to":[11,13.9,6.9],"rotation":{"angle":0,"axis":"y","origin":[6.25,4.55,9.85]},"faces":{"north":{"uv":[9.25,7.25,10,7.875],"texture":"#0"},"east":{"uv":[9,4,10,4.625],"texture":"#0"},"south":{"uv":[9.375,9,10.125,9.625],"texture":"#0"},"west":{"uv":[10,4,9,4.625],"texture":"#0"},"up":{"uv":[9.25,8,8.5,7],"texture":"#0"},"down":{"uv":[8.75,8.5,8,9.5],"texture":"#0"}}},{"from":[1.5,12.1,3],"to":[14.5,13.1,4],"rotation":{"angle":0,"axis":"y","origin":[8,12.5,3.5]},"faces":{"north":{"uv":[9.25,7.875,10.875,8],"texture":"#0"},"east":{"uv":[5.5,7.875,5.625,8],"texture":"#0"},"south":{"uv":[10,5.125,11.625,5.25],"texture":"#0"},"west":{"uv":[5.625,7.875,5.75,8],"texture":"#0"},"up":{"uv":[11.625,7.375,10,7.25],"texture":"#0"},"down":{"uv":[11.625,7.375,10,7.5],"texture":"#0"}}},{"from":[5.5,2,6],"to":[10.5,11,14],"rotation":{"angle":0,"axis":"y","origin":[6.25,4.75,9.75]},"faces":{"north":{"uv":[2.5,8.625,3.125,9.75],"texture":"#0"},"east":{"uv":[4,2,5,3.125],"texture":"#0"},"south":{"uv":[3.125,8.625,3.75,9.75],"texture":"#0"},"west":{"uv":[5,2,4,3.125],"texture":"#0"},"up":{"uv":[9.625,3,9,2],"texture":"#0"},"down":{"uv":[9.625,3,9,4],"texture":"#0"}}},{"from":[10.5,2.5,9.5],"to":[12.5,4.5,17.5],"rotation":{"angle":0,"axis":"y","origin":[6.25,4.75,13.25]},"faces":{"north":{"uv":[2.5,8.125,2.75,8.375],"texture":"#0"},"east":{"uv":[11,0.5,10,0.75],"texture":"#0"},"south":{"uv":[2.75,8.125,3,8.375],"texture":"#0"},"west":{"uv":[10,0.5,11,0.75],"texture":"#0"},"up":{"uv":[10.25,1.75,10,0.75],"texture":"#0"},"down":{"uv":[10.25,3.875,10,4.875],"texture":"#0"}}},{"from":[3.5,2.5,9.5],"to":[5.5,4.5,17.5],"rotation":{"angle":0,"axis":"y","origin":[6.25,4.75,13.25]},"faces":{"north":{"uv":[2.5,8.125,2.75,8.375],"texture":"#0"},"east":{"uv":[11,0.5,10,0.75],"texture":"#0"},"south":{"uv":[2.75,8.125,3,8.375],"texture":"#0"},"west":{"uv":[10,0.5,11,0.75],"texture":"#0"},"up":{"uv":[10.25,1.75,10,0.75],"texture":"#0"},"down":{"uv":[10.25,3.875,10,4.875],"texture":"#0"}}},{"from":[7,-3,7],"to":[9,6,13],"rotation":{"angle":0,"axis":"y","origin":[6.25,4.75,9.75]},"faces":{"north":{"uv":[1.75,9.375,2,10.5],"texture":"#0"},"east":{"uv":[6.5,8,7.25,9.125],"texture":"#0"},"south":{"uv":[3.25,9.75,3.5,10.875],"texture":"#0"},"west":{"uv":[7.25,8,6.5,9.125],"texture":"#0"},"up":{"uv":[6,10.75,5.75,10],"texture":"#0"},"down":{"uv":[6.25,10,6,10.75],"texture":"#0"}}},{"from":[5,9.5,12],"to":[11,12.5,20],"rotation":{"angle":0,"axis":"y","origin":[6.25,4.75,9.75]},"faces":{"north":{"uv":[2.5,9.75,3.25,10.125],"texture":"#0"},"east":{"uv":[9.625,3.5,10.625,3.875],"texture":"#0"},"south":{"uv":[4.75,9.75,5.5,10.125],"texture":"#0"},"west":{"uv":[10.625,3.5,9.625,3.875],"texture":"#0"},"up":{"uv":[1.75,9.125,1,8.125],"texture":"#0"},"down":{"uv":[2.5,8.125,1.75,9.125],"texture":"#0"}}},{"from":[5.625,6.25,1.25],"to":[10.375,8.25,8.25],"rotation":{"angle":-22.5,"axis":"x","origin":[6.25,2.75,9.75]},"faces":{"north":{"uv":[10,7.5,10.5625,7.75],"texture":"#0"},"east":{"uv":[10,1.75,10.875,2],"texture":"#0"},"south":{"uv":[7.875,10,8.4375,10.25],"texture":"#0"},"west":{"uv":[10.875,1.75,10,2],"texture":"#0"},"up":{"uv":[1.0625,10.25,0.5,9.375],"texture":"#0"},"down":{"uv":[1.6875,9.375,1.125,10.25],"texture":"#0"}}},{"from":[5.625,8,10],"to":[10.375,10,18],"rotation":{"angle":45,"axis":"x","origin":[5,4.75,12]},"faces":{"north":{"uv":[8.5,10,9.0625,10.25],"texture":"#0"},"east":{"uv":[9.75,5.25,10.75,5.5],"texture":"#0"},"south":{"uv":[10,8.5,10.5625,8.75],"texture":"#0"},"west":{"uv":[10.75,5.25,9.75,5.5],"texture":"#0"},"up":{"uv":[6.3125,10,5.75,9],"texture":"#0"},"down":{"uv":[9.3125,9,8.75,10],"texture":"#0"}}}],"gui_light":"front","display":{"thirdperson_righthand":{"rotation":[67.5,0,0],"translation":[0,2,0.5],"scale":[0.16211,0.16211,0.16211]},"thirdperson_lefthand":{"rotation":[67.5,0,0],"translation":[0,2,0.5],"scale":[0.16211,0.16211,0.16211]},"firstperson_righthand":{"translation":[1.5,3.5,0],"scale":[0.34531,0.34531,0.34531]},"firstperson_lefthand":{"translation":[1.5,3.5,0],"scale":[0.34531,0.34531,0.34531]},"ground":{"translation":[0,5.25,0],"scale":[0.21211,0.21211,0.21211]},"gui":{"rotation":[30,45,0],"translation":[1.25,-2.25,0],"scale":[0.25898,0.25898,0.25898]},"head":{"translation":[0,-24.15,0],"scale":[0,0,0]},"fixed":{"rotation":[-90,180,0],"translation":[0,10,-24],"scale":[2,2,2]}}}