{"credit":"MadewithBlockbench","texture_size":[64,64],"textures":{"0":"elitecreatures:arcade_furniture_v2/red_arcade_chair","particle":"elitecreatures:arcade_furniture_v2/red_arcade_chair"},"elements":[{"from":[-1,8,2],"to":[17,10,14],"faces":{"north":{"uv":[9.75,8,14.25,8.5],"texture":"#0"},"east":{"uv":[9.75,6.25,12.75,6.75],"texture":"#0"},"south":{"uv":[9.75,6.75,14.25,7.25],"texture":"#0"},"west":{"uv":[9.75,7.25,12.75,7.75],"texture":"#0"},"up":{"uv":[14,3,9.5,0],"texture":"#0"},"down":{"uv":[14,3,9.5,6],"texture":"#0"}}},{"from":[0,10,3],"to":[16,11,13],"faces":{"north":{"uv":[4,8.5,8,8.75],"texture":"#0"},"east":{"uv":[4,8.75,6.5,9],"texture":"#0"},"south":{"uv":[4,9,8,9.25],"texture":"#0"},"west":{"uv":[4,9.25,6.5,9.5],"texture":"#0"},"up":{"uv":[4,11,0,8.5],"texture":"#0"},"down":{"uv":[4,11,0,13.5],"texture":"#0"}}},{"from":[-1,0,12],"to":[1,8,14],"faces":{"north":{"uv":[2,6,2.5,8],"texture":"#0"},"east":{"uv":[2.5,6,3,8],"texture":"#0"},"south":{"uv":[6,3.5,6.5,5.5],"texture":"#0"},"west":{"uv":[6,5.5,6.5,7.5],"texture":"#0"},"up":{"uv":[7,4.5,6.5,4],"texture":"#0"},"down":{"uv":[7,4.5,6.5,5],"texture":"#0"}}},{"from":[15,0,12],"to":[17,8,14],"rotation":{"angle":0,"axis":"y","origin":[16,0,0]},"faces":{"north":{"uv":[2.5,6,2,8],"texture":"#0"},"east":{"uv":[6.5,5.5,6,7.5],"texture":"#0"},"south":{"uv":[6.5,3.5,6,5.5],"texture":"#0"},"west":{"uv":[3,6,2.5,8],"texture":"#0"},"up":{"uv":[6.5,4.5,7,4],"texture":"#0"},"down":{"uv":[6.5,4.5,7,5],"texture":"#0"}}},{"from":[0,5,4],"to":[0,7,12],"rotation":{"angle":0,"axis":"y","origin":[8,0,8]},"faces":{"east":{"uv":[9,5.75,7,6.25],"texture":"#0"},"west":{"uv":[9,5.25,7,5.75],"texture":"#0"}}},{"from":[1,5,3],"to":[15,7,3],"rotation":{"angle":0,"axis":"y","origin":[8,0,8]},"faces":{"north":{"uv":[12,8.875,8.5,9.375],"texture":"#0"},"south":{"uv":[8.5,8.875,12,9.375],"texture":"#0"}}},{"from":[1,5,13],"to":[15,7,13],"rotation":{"angle":0,"axis":"y","origin":[8,0,8]},"faces":{"north":{"uv":[12,8.875,8.5,9.375],"texture":"#0"},"south":{"uv":[8.5,8.875,12,9.375],"texture":"#0"}}},{"from":[16,5,4],"to":[16,7,12],"rotation":{"angle":0,"axis":"y","origin":[8,0,8]},"faces":{"east":{"uv":[9,5.25,7,5.75],"texture":"#0"},"west":{"uv":[9,5.75,7,6.25],"texture":"#0"}}},{"from":[15,0,2],"to":[17,8,4],"rotation":{"angle":0,"axis":"y","origin":[16,0,16]},"faces":{"north":{"uv":[6,3.5,6.5,5.5],"texture":"#0"},"east":{"uv":[6,5.5,6.5,7.5],"texture":"#0"},"south":{"uv":[2,6,2.5,8],"texture":"#0"},"west":{"uv":[2.5,6,3,8],"texture":"#0"},"up":{"uv":[6.5,4,7,4.5],"texture":"#0"},"down":{"uv":[6.5,5,7,4.5],"texture":"#0"}}},{"from":[-1,0,2],"to":[1,8,4],"rotation":{"angle":0,"axis":"y","origin":[0,0,16]},"faces":{"north":{"uv":[6.5,3.5,6,5.5],"texture":"#0"},"east":{"uv":[3,6,2.5,8],"texture":"#0"},"south":{"uv":[2.5,6,2,8],"texture":"#0"},"west":{"uv":[6.5,5.5,6,7.5],"texture":"#0"},"up":{"uv":[7,4,6.5,4.5],"texture":"#0"},"down":{"uv":[7,5,6.5,4.5],"texture":"#0"}}}],"gui_light":"front","display":{"thirdperson_righthand":{"rotation":[67.5,0,0],"translation":[0,1.5,0.25],"scale":[0.26367,0.26367,0.26367]},"thirdperson_lefthand":{"rotation":[67.5,0,0],"translation":[0,1.5,0.25],"scale":[0.26367,0.26367,0.26367]},"firstperson_righthand":{"translation":[2.25,1.75,-4.25],"scale":[0.56016,0.56016,0.56016]},"firstperson_lefthand":{"translation":[2.25,1.75,-4.25],"scale":[0.56016,0.56016,0.56016]},"ground":{"translation":[0,5.25,0],"scale":[0.4043,0.4043,0.4043]},"gui":{"rotation":[30,45,0],"translation":[-0.25,0.9,0],"scale":[0.55078,0.55078,0.55078]},"head":{"rotation":[0,-180,0],"translation":[0,-30.4,0],"scale":[0,0,0]},"fixed":{"rotation":[-90,180,0],"translation":[0,0,-18.25],"scale":[2.28906,2.28906,2.28906]}}}