{"credit":"MadewithBlockbench","texture_size":[256,256],"textures":{"0":"elitecreatures:arcade_furniture_v2/skee_ball","particle":"elitecreatures:arcade_furniture_v2/skee_ball"},"elements":[{"from":[0,-15,-16],"to":[16,-6,28],"rotation":{"angle":0,"axis":"y","origin":[-4,0,-14.5]},"faces":{"north":{"uv":[6.5,0,7.5,0.5625],"texture":"#0"},"east":{"uv":[0,4.125,2.75,4.6875],"texture":"#0"},"south":{"uv":[6.5,0.5625,7.5,1.125],"texture":"#0"},"west":{"uv":[2.75,4.125,5.5,4.6875],"texture":"#0"},"up":{"uv":[1,2.75,0,0],"texture":"#0"},"down":{"uv":[2,0,1,2.75],"texture":"#0"}}},{"from":[0,-8,1],"to":[16,0,19],"rotation":{"angle":-22.5,"axis":"x","origin":[0,-14,16]},"faces":{"north":{"uv":[6.5,1.875,7.5,2.375],"texture":"#0"},"east":{"uv":[5.3125,2.5,6.4375,3],"texture":"#0"},"south":{"uv":[6.5,3,7.5,3.5],"texture":"#0"},"west":{"uv":[6.4375,2.5,7.5625,3],"texture":"#0"},"up":{"uv":[3.75,6.5625,2.75,5.4375],"texture":"#0"},"down":{"uv":[4.75,5.4375,3.75,6.5625],"texture":"#0"}}},{"from":[-1,-6.88299,9.11091],"to":[18,-1.88299,29.11091],"rotation":{"angle":-45,"axis":"x","origin":[8.5,3.61701,12.11091]},"faces":{"north":{"uv":[6.75,6.125,7.9375,6.4375],"texture":"#0"},"east":{"uv":[6.75,3.5,8,3.8125],"texture":"#0"},"south":{"uv":[6.9375,4.125,8.125,4.4375],"texture":"#0"},"west":{"uv":[6.75,3.8125,8,4.125],"texture":"#0"},"up":{"uv":[6.5,1.25,5.3125,0],"texture":"#0"},"down":{"uv":[6.5,1.25,5.3125,2.5],"texture":"#0"}}},{"from":[0,-15,28],"to":[16,18,32],"rotation":{"angle":0,"axis":"y","origin":[12,-13,16]},"faces":{"north":{"uv":[2,0,3,2.0625],"texture":"#0"},"east":{"uv":[2.75,6.5625,3,8.625],"texture":"#0"},"south":{"uv":[2,2.0625,3,4.125],"texture":"#0"},"west":{"uv":[3,6.5625,3.25,8.625],"texture":"#0"},"up":{"uv":[1,4.125,0,3.875],"texture":"#0"},"down":{"uv":[2,3.875,1,4.125],"texture":"#0"}}},{"from":[-4,-15,-16],"to":[0,-3,21],"rotation":{"angle":0,"axis":"y","origin":[12,-16,16]},"faces":{"north":{"uv":[6.9375,5.3125,7.1875,6.0625],"texture":"#0"},"east":{"uv":[5.3125,2.25,3,3],"texture":"#0"},"south":{"uv":[6,6.9375,6.25,7.6875],"texture":"#0"},"west":{"uv":[3,0.75,5.3125,1.5],"texture":"#0"},"up":{"uv":[6.25,6.9375,6,4.625],"texture":"#0"},"down":{"uv":[6.5,4.625,6.25,6.9375],"texture":"#0"}}},{"from":[-3.005,-7,-1],"to":[-0.005,5,31],"rotation":{"angle":-22.5,"axis":"x","origin":[12,-16,16]},"faces":{"north":{"uv":[4.1875,6.9375,4.375,7.6875],"texture":"#0"},"east":{"uv":[6,4.6875,4,5.4375],"texture":"#0"},"south":{"uv":[7.3125,4.4375,7.5,5.1875],"texture":"#0"},"west":{"uv":[0,4.6875,2,5.4375],"texture":"#0"},"up":{"uv":[4.5625,8.5625,4.375,6.5625],"texture":"#0"},"down":{"uv":[4.75,6.5625,4.5625,8.5625],"texture":"#0"}}},{"from":[16.005,-7,-1],"to":[19.005,5,31],"rotation":{"angle":-22.5,"axis":"x","origin":[12,-16,16]},"faces":{"north":{"uv":[7.4375,5.1875,7.625,5.9375],"texture":"#0"},"east":{"uv":[2,4.6875,0,5.4375],"texture":"#0"},"south":{"uv":[0,7.5,0.1875,8.25],"texture":"#0"},"west":{"uv":[4,4.6875,6,5.4375],"texture":"#0"},"up":{"uv":[6.9375,6.125,6.75,4.125],"texture":"#0"},"down":{"uv":[3.4375,6.9375,3.25,8.9375],"texture":"#0"}}},{"from":[-4,-15,21],"to":[0,18,32],"rotation":{"angle":0,"axis":"y","origin":[12,-13,16]},"faces":{"north":{"uv":[5.25,6.3125,5.5,8.375],"texture":"#0"},"east":{"uv":[0,5.4375,0.6875,7.5],"texture":"#0"},"south":{"uv":[5.5,6.3125,5.75,8.375],"texture":"#0"},"west":{"uv":[0.6875,5.4375,1.375,7.5],"texture":"#0"},"up":{"uv":[7,7.75,6.75,7.0625],"texture":"#0"},"down":{"uv":[7.25,7.0625,7,7.75],"texture":"#0"}}},{"from":[-4,18,14],"to":[20,24,32],"rotation":{"angle":0,"axis":"y","origin":[12,-13,16]},"faces":{"north":{"uv":[6.5,1.125,8,1.5],"texture":"#0"},"east":{"uv":[3.25,6.5625,4.375,6.9375],"texture":"#0"},"south":{"uv":[6.5,1.5,8,1.875],"texture":"#0"},"west":{"uv":[6.5,6.6875,7.625,7.0625],"texture":"#0"},"up":{"uv":[1.5,3.875,0,2.75],"texture":"#0"},"down":{"uv":[4.5,3,3,4.125],"texture":"#0"}}},{"from":[-2,4,15],"to":[18,18,15],"rotation":{"angle":0,"axis":"y","origin":[12,-13,16]},"faces":{"north":{"uv":[4.75,5.4375,6,6.3125],"texture":"#0"},"east":{"uv":[0,0,0,0.875],"texture":"#0"},"south":{"uv":[4.75,5.4375,6,6.3125],"texture":"#0"},"west":{"uv":[0,0,0,0.875],"texture":"#0"},"up":{"uv":[1.25,0,0,0],"texture":"#0"},"down":{"uv":[1.25,0,0,0],"texture":"#0"}}},{"from":[18,4,15],"to":[18,18,21],"rotation":{"angle":0,"axis":"y","origin":[12,-13,16]},"faces":{"north":{"uv":[0,0,0,0.875],"texture":"#0"},"east":{"uv":[3.8125,6.9375,4.1875,7.8125],"texture":"#0"},"south":{"uv":[0,0,0,0.875],"texture":"#0"},"west":{"uv":[4.1875,6.9375,3.8125,7.8125],"texture":"#0"},"up":{"uv":[0,0.375,0,0],"texture":"#0"},"down":{"uv":[0,0,0,0.375],"texture":"#0"}}},{"from":[-2,4,15],"to":[-2,18,21],"rotation":{"angle":0,"axis":"y","origin":[4,-13,16]},"faces":{"north":{"uv":[0,0,0,0.875],"texture":"#0"},"east":{"uv":[3.8125,6.9375,4.1875,7.8125],"texture":"#0"},"south":{"uv":[0,0,0,0.875],"texture":"#0"},"west":{"uv":[4.1875,6.9375,3.8125,7.8125],"texture":"#0"},"up":{"uv":[0,0.375,0,0],"texture":"#0"},"down":{"uv":[0,0,0,0.375],"texture":"#0"}}},{"from":[16,-15,21],"to":[20,18,32],"rotation":{"angle":0,"axis":"y","origin":[12,-13,16]},"faces":{"north":{"uv":[5.75,6.3125,6,8.375],"texture":"#0"},"east":{"uv":[1.375,5.4375,2.0625,7.5],"texture":"#0"},"south":{"uv":[6.5,4.625,6.75,6.6875],"texture":"#0"},"west":{"uv":[2.0625,5.4375,2.75,7.5],"texture":"#0"},"up":{"uv":[7.4375,6,7.1875,5.3125],"texture":"#0"},"down":{"uv":[7.5,7.0625,7.25,7.75],"texture":"#0"}}},{"from":[16,-15,-16],"to":[20,-3,21],"rotation":{"angle":0,"axis":"y","origin":[12,-16,16]},"faces":{"north":{"uv":[6.25,6.9375,6.5,7.6875],"texture":"#0"},"east":{"uv":[5.3125,0.75,3,1.5],"texture":"#0"},"south":{"uv":[6.5,7.0625,6.75,7.8125],"texture":"#0"},"west":{"uv":[3,2.25,5.3125,3],"texture":"#0"},"up":{"uv":[5,8.625,4.75,6.3125],"texture":"#0"},"down":{"uv":[5.25,6.3125,5,8.625],"texture":"#0"}}}],"gui_light":"front","display":{"thirdperson_righthand":{"rotation":[67.5,0,0],"translation":[0,2.5,0.25],"scale":[0.13867,0.13867,0.13867]},"thirdperson_lefthand":{"rotation":[67.5,0,0],"translation":[0,2.5,0.25],"scale":[0.13867,0.13867,0.13867]},"firstperson_righthand":{"rotation":[0,180,0],"translation":[2.75,4.75,-2],"scale":[0.34727,0.34727,0.34727]},"firstperson_lefthand":{"rotation":[0,180,0],"translation":[2.75,4.75,-2],"scale":[0.34727,0.34727,0.34727]},"ground":{"translation":[0,6,0],"scale":[0.21406,0.21406,0.21406]},"gui":{"rotation":[30,-135,0],"translation":[0,0.75,0],"scale":[0.25,0.25,0.25]},"head":{"rotation":[0,-180,0],"translation":[0,-6.4,0],"scale":[0,0,0]},"fixed":{"rotation":[-90,180,0],"translation":[0,0,-46.25],"scale":[2,2,2]}}}