{"credit":"MadewithBlockbench","texture_size":[64,64],"textures":{"0":"elitecreatures:prison_furniture_v1/bed_1","particle":"elitecreatures:prison_furniture_v1/bed_1"},"elements":[{"from":[-15,6,1.5],"to":[15,7,15.4],"faces":{"north":{"uv":[0,7,7.5,7.25],"texture":"#0"},"east":{"uv":[0,7.25,3.5,7.5],"texture":"#0"},"south":{"uv":[0,7,7.5,7.25],"texture":"#0"},"west":{"uv":[0,7.25,3.5,7.5],"texture":"#0"},"up":{"uv":[7.5,7,0,3.5],"texture":"#0"}}},{"from":[-15.5,4,1.5],"to":[15.5,6,15.5],"faces":{"north":{"uv":[7.75,0,15.5,0.5],"texture":"#0"},"east":{"uv":[7.75,0.5,11.25,1],"texture":"#0"},"south":{"uv":[7.75,0,15.5,0.5],"texture":"#0"},"west":{"uv":[11.25,0.5,7.75,1],"texture":"#0"},"up":{"uv":[7.75,3.5,0,0],"texture":"#0"},"down":{"uv":[7.75,0,0,3.5],"texture":"#0"}}},{"from":[14,2,15],"to":[16,8,16],"faces":{"north":{"uv":[9,2,9.5,3.5],"texture":"#0"},"east":{"uv":[9.5,2,9.75,3.5],"texture":"#0"},"south":{"uv":[9,2,9.5,3.5],"texture":"#0"},"west":{"uv":[9.5,2,9.75,3.5],"texture":"#0"},"up":{"uv":[10.25,2.25,9.75,2],"texture":"#0"},"down":{"uv":[10.25,2,9.75,2.25],"texture":"#0"}}},{"from":[-16,2,15],"to":[-14,8,16],"rotation":{"angle":0,"axis":"y","origin":[16,0,0]},"faces":{"north":{"uv":[9.5,2,9,3.5],"texture":"#0"},"east":{"uv":[9.75,2,9.5,3.5],"texture":"#0"},"south":{"uv":[9.5,2,9,3.5],"texture":"#0"},"west":{"uv":[9.75,2,9.5,3.5],"texture":"#0"},"up":{"uv":[9.75,2.25,10.25,2],"texture":"#0"},"down":{"uv":[9.75,2,10.25,2.25],"texture":"#0"}}},{"from":[-13,7,4],"to":[-8,9,13],"faces":{"north":{"uv":[9,1.5,10.25,2],"texture":"#0"},"east":{"uv":[9,1,11.25,1.5],"texture":"#0"},"south":{"uv":[9,1.5,10.25,2],"texture":"#0"},"west":{"uv":[9,1,11.25,1.5],"texture":"#0"},"up":{"uv":[9,3.25,7.75,1],"texture":"#0"}}}],"gui_light":"front","display":{"thirdperson_righthand":{"rotation":[67.5,0,0],"translation":[2,2,0],"scale":[0.23438,0.23438,0.23438]},"thirdperson_lefthand":{"rotation":[67.5,0,0],"translation":[-1.75,2,0],"scale":[0.23438,0.23438,0.23438]},"firstperson_righthand":{"translation":[3.5,3.25,0],"scale":[0.34141,0.34141,0.34141]},"firstperson_lefthand":{"translation":[-1.75,3.25,0],"scale":[0.34141,0.34141,0.34141]},"ground":{"translation":[3.5,6,0],"scale":[0.5,0.5,0.5]},"gui":{"rotation":[30,135,0],"translation":[-2.75,1.25,0],"scale":[0.44102,0.44102,0.44102]},"head":{"rotation":[0,180,0],"translation":[0,-30.4,0],"scale":[1.6,1.6,1.6]},"fixed":{"translation":[0,0,-16],"scale":[2,2,2]}}}