{"credit":"MadewithBlockbench","texture_size":[32,32],"textures":{"0":"elitecreatures:prison_furniture_v1/chair_1","particle":"elitecreatures:prison_furniture_v1/chair_1"},"elements":[{"from":[7,0,7],"to":[9,6,9],"rotation":{"angle":0,"axis":"y","origin":[7,0,7]},"faces":{"north":{"uv":[5,1,6,4],"texture":"#0"},"east":{"uv":[5,1,6,4],"texture":"#0"},"south":{"uv":[5,1,6,4],"texture":"#0"},"west":{"uv":[5,1,6,4],"texture":"#0"},"down":{"uv":[6,0,5,1],"texture":"#0"}}},{"from":[6.9,0,6.9],"to":[9.1,1,9.1],"rotation":{"angle":0,"axis":"y","origin":[7,0,7]},"faces":{"north":{"uv":[5,4,6,4.5],"texture":"#0"},"east":{"uv":[5,4,6,4.5],"texture":"#0"},"south":{"uv":[5,4,6,4.5],"texture":"#0"},"west":{"uv":[5,4,6,4.5],"texture":"#0"}}},{"from":[3,6,3],"to":[13,8,13],"faces":{"north":{"uv":[0,5,5,6],"texture":"#0"},"east":{"uv":[0,5,5,6],"texture":"#0"},"south":{"uv":[0,5,5,6],"texture":"#0"},"west":{"uv":[0,5,5,6],"texture":"#0"},"up":{"uv":[5,5,0,0],"texture":"#0"},"down":{"uv":[5,0,0,5],"texture":"#0"}}}],"gui_light":"front","display":{"thirdperson_righthand":{"rotation":[67.5,0,0],"translation":[0,1.25,2],"scale":[0.37695,0.37695,0.37695]},"thirdperson_lefthand":{"rotation":[67.5,0,0],"translation":[0,1.25,2],"scale":[0.37695,0.37695,0.37695]},"firstperson_righthand":{"translation":[2.5,3.5,0],"scale":[0.53281,0.53281,0.53281]},"firstperson_lefthand":{"translation":[2.5,3.5,0],"scale":[0.53281,0.53281,0.53281]},"ground":{"translation":[0,6,0],"scale":[0.75,0.75,0.75]},"gui":{"rotation":[30,135,0],"translation":[0,1.75,0],"scale":[1.02305,1.02305,1.02305]},"head":{"rotation":[0,180,0],"translation":[0,-30.4,0],"scale":[1.6,1.6,1.6]},"fixed":{"rotation":[-90,0,0],"translation":[0,0,-16],"scale":[2,2,2]}}}