{"credit":"MadewithBlockbench","texture_size":[64,64],"textures":{"0":"elitecreatures:prison_furniture_v1/door_1","particle":"elitecreatures:prison_furniture_v1/door_1"},"elements":[{"from":[0,0,14],"to":[16,1,16],"rotation":{"angle":0,"axis":"y","origin":[16,32,16]},"faces":{"north":{"uv":[4.25,0.5,8.25,0.75],"texture":"#0"},"east":{"uv":[4.25,0.75,4.75,1],"texture":"#0"},"south":{"uv":[4.25,0.5,8.25,0.75],"texture":"#0"},"west":{"uv":[4.25,0.75,4.75,1],"texture":"#0"},"up":{"uv":[8.25,0.5,4.25,0],"texture":"#0"},"down":{"uv":[8.25,0,4.25,0.5],"texture":"#0"}}},{"from":[0,31,14],"to":[16,32,16],"rotation":{"angle":0,"axis":"y","origin":[16,-16,16]},"faces":{"north":{"uv":[4.25,0.75,8.25,0.5],"texture":"#0"},"east":{"uv":[4.25,1,4.75,0.75],"texture":"#0"},"south":{"uv":[4.25,0.75,8.25,0.5],"texture":"#0"},"west":{"uv":[4.25,1,4.75,0.75],"texture":"#0"},"up":{"uv":[8.25,0.5,4.25,0],"texture":"#0"},"down":{"uv":[8.25,0,4.25,0.5],"texture":"#0"}}},{"from":[15,1,14],"to":[16,31,16],"rotation":{"angle":0,"axis":"y","origin":[16,32,16]},"faces":{"north":{"uv":[4.25,0,4,7.5],"texture":"#0"},"east":{"uv":[3.5,0,4,7.5],"texture":"#0"},"south":{"uv":[4,0,4.25,7.5],"texture":"#0"},"west":{"uv":[3.5,0,4,7.5],"texture":"#0"}}},{"from":[0,1,14],"to":[1,31,16],"rotation":{"angle":0,"axis":"y","origin":[0,32,16]},"faces":{"north":{"uv":[4,0,4.25,7.5],"texture":"#0"},"east":{"uv":[4,0,3.5,7.5],"texture":"#0"},"south":{"uv":[4.25,0,4,7.5],"texture":"#0"},"west":{"uv":[4,0,3.5,7.5],"texture":"#0"}}},{"from":[1,14,14.5],"to":[6,17,15.5],"faces":{"north":{"uv":[4.75,0.75,6,1.5],"texture":"#0"},"east":{"uv":[4.25,1,4.5,1.75],"texture":"#0"},"south":{"uv":[6,0.75,7.25,1.5],"texture":"#0"},"west":{"uv":[4.25,1,4.5,1.75],"texture":"#0"},"up":{"uv":[5.75,1.75,4.5,1.5],"texture":"#0"},"down":{"uv":[5.75,1.5,4.5,1.75],"texture":"#0"}}},{"from":[1,1,15],"to":[15,31,15],"rotation":{"angle":0,"axis":"y","origin":[16,32,16]},"faces":{"north":{"uv":[0,0,3.5,7.5],"texture":"#0"},"south":{"uv":[0,0,3.5,7.5],"texture":"#0"}}}],"gui_light":"front","display":{"thirdperson_righthand":{"rotation":[67.5,0,0],"translation":[0,1.75,-1],"scale":[0.25195,0.25195,0.25195]},"thirdperson_lefthand":{"rotation":[67.5,0,0],"translation":[0,1.75,-1],"scale":[0.25195,0.25195,0.25195]},"firstperson_righthand":{"translation":[0.25,3.25,0],"scale":[0.30039,0.30039,0.30039]},"firstperson_lefthand":{"translation":[0.25,3.25,0],"scale":[0.30039,0.30039,0.30039]},"ground":{"translation":[0,6,-3.25],"scale":[0.45,0.45,0.45]},"gui":{"rotation":[30,135,0],"translation":[-2,-4.25,0],"scale":[0.44492,0.44492,0.44492]},"head":{"rotation":[0,180,0],"translation":[0,-30.4,0],"scale":[1.6,1.6,1.6]},"fixed":{"rotation":[-90,0,0],"translation":[0,0,-16],"scale":[2,2,2]}}}