{"credit":"MadewithBlockbench","texture_size":[64,64],"textures":{"0":"elitecreatures:prison_furniture_v1/door_2","particle":"elitecreatures:prison_furniture_v1/door_2"},"elements":[{"from":[0,18,14],"to":[16,32,16],"rotation":{"angle":0,"axis":"y","origin":[16,32,16]},"faces":{"north":{"uv":[0,0,4,3.5],"texture":"#0"},"east":{"uv":[4,0,4.5,3.5],"texture":"#0"},"south":{"uv":[0,0,4,3.5],"texture":"#0"},"west":{"uv":[4,0,4.5,3.5],"texture":"#0"},"up":{"uv":[4,4,0,3.5],"texture":"#0"},"down":{"uv":[4,3.5,0,4],"texture":"#0"}}},{"from":[0,24,13.5],"to":[3,26,14],"rotation":{"angle":0,"axis":"y","origin":[16,32,16]},"faces":{"north":{"uv":[4.5,1.125,5.25,1.625],"texture":"#0"},"east":{"uv":[5.25,1,5.375,1.5],"texture":"#0"},"south":{"uv":[4.5,1.125,5.25,1.625],"texture":"#0"},"west":{"uv":[5.25,1,5.375,1.5],"texture":"#0"},"up":{"uv":[5.25,1.125,4.5,1],"texture":"#0"},"down":{"uv":[5.25,1,4.5,1.125],"texture":"#0"}}},{"from":[0,15,13.5],"to":[3,17,14],"rotation":{"angle":0,"axis":"y","origin":[16,32,16]},"faces":{"north":{"uv":[4.5,1.125,5.25,1.625],"texture":"#0"},"east":{"uv":[5.25,1,5.375,1.5],"texture":"#0"},"south":{"uv":[4.5,1.125,5.25,1.625],"texture":"#0"},"west":{"uv":[5.25,1,5.375,1.5],"texture":"#0"},"up":{"uv":[5.25,1.125,4.5,1],"texture":"#0"},"down":{"uv":[5.25,1,4.5,1.125],"texture":"#0"}}},{"from":[0,7,13.5],"to":[3,9,14],"rotation":{"angle":0,"axis":"y","origin":[16,32,16]},"faces":{"north":{"uv":[4.5,1.125,5.25,1.625],"texture":"#0"},"east":{"uv":[5.25,1,5.375,1.5],"texture":"#0"},"south":{"uv":[4.5,1.125,5.25,1.625],"texture":"#0"},"west":{"uv":[5.25,1,5.375,1.5],"texture":"#0"},"up":{"uv":[5.25,1.125,4.5,1],"texture":"#0"},"down":{"uv":[5.25,1,4.5,1.125],"texture":"#0"}}},{"from":[12,14,14],"to":[16,18,16],"rotation":{"angle":0,"axis":"y","origin":[16,32,16]},"faces":{"north":{"uv":[4.5,0,5.5,1],"texture":"#0"},"east":{"uv":[5.5,0,6,1],"texture":"#0"},"south":{"uv":[5.5,0,4.5,1],"texture":"#0"},"west":{"uv":[5.5,0,6,1],"texture":"#0"}}},{"from":[0,14,14],"to":[4,18,16],"rotation":{"angle":0,"axis":"y","origin":[0,32,16]},"faces":{"north":{"uv":[5.5,0,4.5,1],"texture":"#0"},"east":{"uv":[6,0,5.5,1],"texture":"#0"},"south":{"uv":[4.5,0,5.5,1],"texture":"#0"},"west":{"uv":[6,0,5.5,1],"texture":"#0"}}},{"from":[0,0,14],"to":[16,14,16],"rotation":{"angle":0,"axis":"y","origin":[16,32,16]},"faces":{"north":{"uv":[0,4,4,7.5],"texture":"#0"},"east":{"uv":[4,4,4.5,7.5],"texture":"#0"},"south":{"uv":[0,4,4,7.5],"texture":"#0"},"west":{"uv":[4,4,4.5,7.5],"texture":"#0"},"up":{"uv":[4,8,0,7.5],"texture":"#0"},"down":{"uv":[4,7.5,0,8],"texture":"#0"}}},{"from":[4,13,11],"to":[12,14,14],"rotation":{"angle":0,"axis":"y","origin":[16,32,16]},"faces":{"north":{"uv":[6,0.75,8,1],"texture":"#0"},"east":{"uv":[6,1,6.75,1.25],"texture":"#0"},"south":{"uv":[6,0.75,8,1],"texture":"#0"},"west":{"uv":[6,1,6.75,1.25],"texture":"#0"},"up":{"uv":[8,0.75,6,0],"texture":"#0"},"down":{"uv":[8,0,6,0.75],"texture":"#0"}}}],"gui_light":"front","display":{"thirdperson_righthand":{"rotation":[67.5,0,0],"translation":[0,1.75,-1],"scale":[0.25195,0.25195,0.25195]},"thirdperson_lefthand":{"rotation":[67.5,0,0],"translation":[0,1.75,-1],"scale":[0.25195,0.25195,0.25195]},"firstperson_righthand":{"translation":[0.25,3.25,0],"scale":[0.30039,0.30039,0.30039]},"firstperson_lefthand":{"translation":[0.25,3.25,0],"scale":[0.30039,0.30039,0.30039]},"ground":{"translation":[0,6,-3.25],"scale":[0.45,0.45,0.45]},"gui":{"rotation":[30,135,0],"translation":[-2,-4.25,0],"scale":[0.44492,0.44492,0.44492]},"head":{"rotation":[0,180,0],"translation":[0,-30.4,0],"scale":[1.6,1.6,1.6]},"fixed":{"rotation":[-90,0,0],"translation":[0,0,-16],"scale":[2,2,2]}}}