{"credit":"MadewithBlockbench","texture_size":[64,64],"textures":{"0":"elitecreatures:prison_furniture_v1/food_1","particle":"elitecreatures:prison_furniture_v1/food_1"},"elements":[{"from":[0,1,2],"to":[16,2,14],"rotation":{"angle":0,"axis":"y","origin":[7,0,7]},"faces":{"north":{"uv":[2.25,6.25,6.25,6.5],"texture":"#0"},"east":{"uv":[7.25,5.5,10.25,5.75],"texture":"#0"},"south":{"uv":[6.25,5,10.25,5.25],"texture":"#0"},"west":{"uv":[7.25,5.75,10.25,6],"texture":"#0"},"up":{"uv":[4,3,0,0],"texture":"#0"},"down":{"uv":[4,3,0,6],"texture":"#0"}}},{"from":[11,2,9],"to":[15,3,13],"rotation":{"angle":0,"axis":"y","origin":[7,0,7]},"faces":{"north":{"uv":[7.5,0,8.5,0.25],"texture":"#0"},"east":{"uv":[7.5,0.25,8.5,0.5],"texture":"#0"},"south":{"uv":[7.5,0.5,8.5,0.75],"texture":"#0"},"west":{"uv":[7.5,0.75,8.5,1],"texture":"#0"},"up":{"uv":[7.25,6.25,6.25,5.25],"texture":"#0"},"down":{"uv":[7.25,6.25,6.25,7.25],"texture":"#0"}}},{"from":[0.75,2,2.75],"to":[9.75,3,7.75],"rotation":{"angle":0,"axis":"y","origin":[7,0,7]},"faces":{"north":{"uv":[0,7.25,2.25,7.5],"texture":"#0"},"east":{"uv":[2.25,6,3.5,6.25],"texture":"#0"},"south":{"uv":[7.25,6.5,9.5,6.75],"texture":"#0"},"west":{"uv":[4.25,7,5.5,7.25],"texture":"#0"},"up":{"uv":[6.25,6.25,4,5],"texture":"#0"},"down":{"uv":[2.25,6,0,7.25],"texture":"#0"}}},{"from":[1,2,9],"to":[5,4,13],"rotation":{"angle":0,"axis":"y","origin":[7,0,7]},"faces":{"north":{"uv":[4.25,6.5,5.25,7],"texture":"#0"},"east":{"uv":[5.25,6.5,6.25,7],"texture":"#0"},"south":{"uv":[7.25,6.75,8.25,7.25],"texture":"#0"},"west":{"uv":[0,7.5,1,8],"texture":"#0"},"up":{"uv":[3.25,7.5,2.25,6.5],"texture":"#0"},"down":{"uv":[4.25,6.5,3.25,7.5],"texture":"#0"}}},{"from":[1,0,3],"to":[15,1,13],"rotation":{"angle":0,"axis":"y","origin":[7,0,7]},"faces":{"north":{"uv":[4.25,7.25,7.75,7.5],"texture":"#0"},"east":{"uv":[7.25,6,9.75,6.25],"texture":"#0"},"south":{"uv":[7.25,5.25,10.75,5.5],"texture":"#0"},"west":{"uv":[7.25,6.25,9.75,6.5],"texture":"#0"},"up":{"uv":[7.5,2.5,4,0],"texture":"#0"},"down":{"uv":[7.5,2.5,4,5],"texture":"#0"}}}],"gui_light":"front","display":{"thirdperson_righthand":{"rotation":[67.5,0,0],"translation":[0,3,2],"scale":[0.41055,0.41055,0.41055]},"thirdperson_lefthand":{"rotation":[67.5,0,0],"translation":[0,3,2],"scale":[0.41055,0.41055,0.41055]},"firstperson_righthand":{"translation":[-1.25,5.5,2],"scale":[0.38125,0.38125,0.38125]},"firstperson_lefthand":{"translation":[-1.25,5.5,2],"scale":[0.38125,0.38125,0.38125]},"ground":{"translation":[0,6,0],"scale":[0.65,0.65,0.65]},"gui":{"rotation":[30,135,0],"translation":[0,4.5,0],"scale":[0.76523,0.76523,0.76523]},"head":{"rotation":[0,180,0],"translation":[0,-30.4,0],"scale":[1.6,1.6,1.6]},"fixed":{"rotation":[-90,0,0],"translation":[0,0,-16],"scale":[2,2,2]}}}