{"credit":"MadewithBlockbench","texture_size":[32,32],"textures":{"0":"elitecreatures:prison_furniture_v1/phone_1","particle":"elitecreatures:prison_furniture_v1/phone_1"},"elements":[{"from":[4,2,15],"to":[12,15,16],"faces":{"north":{"uv":[0,0,4,6.5],"texture":"#0"},"east":{"uv":[4,0,4.5,6.5],"texture":"#0"},"south":{"uv":[0,0,4,6.5],"texture":"#0"},"west":{"uv":[4.5,0,4,6.5],"texture":"#0"},"up":{"uv":[8.5,0.5,4.5,0],"texture":"#0"},"down":{"uv":[8.5,0,4.5,0.5],"texture":"#0"}}},{"from":[6,11,13],"to":[10,12,15],"faces":{"north":{"uv":[2.5,7.5,4.5,8],"texture":"#0"},"east":{"uv":[2.5,8,3.5,8.5],"texture":"#0"},"west":{"uv":[3.5,8,2.5,8.5],"texture":"#0"},"up":{"uv":[4.5,7.5,2.5,6.5],"texture":"#0"},"down":{"uv":[4.5,6.5,2.5,7.5],"texture":"#0"}}},{"from":[7,3,12],"to":[9,14,14],"faces":{"north":{"uv":[0,6.5,1,12],"texture":"#0"},"east":{"uv":[0,6.5,1,12],"texture":"#0"},"south":{"uv":[0,6.5,1,12],"texture":"#0"},"west":{"uv":[0,6.5,1,12],"texture":"#0"},"up":{"uv":[2.5,8,1.5,7],"texture":"#0"},"down":{"uv":[2.5,7,1.5,8],"texture":"#0"}}},{"from":[8,-7,11],"to":[8,4,17],"rotation":{"angle":45,"axis":"y","origin":[8,3,13]},"faces":{"east":{"uv":[4.5,0.5,7.5,6],"texture":"#0"},"west":{"uv":[7.5,0.5,4.5,6],"texture":"#0"}}},{"from":[7,12,14],"to":[9,14,15],"faces":{"east":{"uv":[1,6.5,1.5,7.5],"texture":"#0"},"west":{"uv":[1,6.5,1.5,7.5],"texture":"#0"},"up":{"uv":[2.5,7,1.5,6.5],"texture":"#0"},"down":{"uv":[2.5,6.5,1.5,7],"texture":"#0"}}},{"from":[7,3,14],"to":[9,5,15],"faces":{"east":{"uv":[1,6.5,1.5,7.5],"texture":"#0"},"west":{"uv":[1,6.5,1.5,7.5],"texture":"#0"},"up":{"uv":[2.5,7,1.5,6.5],"texture":"#0"},"down":{"uv":[2.5,6.5,1.5,7],"texture":"#0"}}}],"gui_light":"front","display":{"thirdperson_righthand":{"rotation":[67.5,0,0],"translation":[0,2.75,-0.25],"scale":[0.33008,0.33008,0.33008]},"thirdperson_lefthand":{"rotation":[67.5,0,0],"translation":[0,2.75,-0.25],"scale":[0.33008,0.33008,0.33008]},"firstperson_righthand":{"translation":[-2.75,5.25,3],"scale":[0.31406,0.31406,0.31406]},"firstperson_lefthand":{"translation":[-2.75,5.25,3],"scale":[0.31406,0.31406,0.31406]},"ground":{"translation":[0,6,-4.25],"scale":[0.6,0.6,0.6]},"gui":{"rotation":[30,135,0],"translation":[-5.25,-3.25,0],"scale":[1.01523,1.01523,1.01523]},"head":{"rotation":[0,180,0],"translation":[0,-30.4,0],"scale":[1.6,1.6,1.6]},"fixed":{"translation":[0,0,-16],"scale":[2,2,2]}}}