{"credit":"MadewithBlockbench","texture_size":[32,32],"textures":{"0":"elitecreatures:prison_furniture_v1/phone_2","particle":"elitecreatures:prison_furniture_v1/phone_2"},"elements":[{"from":[4,1,14],"to":[12,16,16],"rotation":{"angle":0,"axis":"y","origin":[0,-1,0]},"faces":{"north":{"uv":[0,0,4,7.5],"texture":"#0"},"east":{"uv":[4,0,5,7.5],"texture":"#0"},"south":{"uv":[7.5,0,11.5,7.5],"texture":"#0"},"west":{"uv":[5,0,4,7.5],"texture":"#0"},"up":{"uv":[4,8.5,0,7.5],"texture":"#0"},"down":{"uv":[4,7.5,0,8.5],"texture":"#0"}}},{"from":[7,2,11],"to":[9,13,13],"rotation":{"angle":0,"axis":"y","origin":[0,-1,-1]},"faces":{"north":{"uv":[5,0,6,5.5],"texture":"#0"},"east":{"uv":[5,0,6,5.5],"texture":"#0"},"south":{"uv":[5,0,6,5.5],"texture":"#0"},"west":{"uv":[5,0,6,5.5],"texture":"#0"},"up":{"uv":[6,6.5,5,5.5],"texture":"#0"},"down":{"uv":[6,5.5,5,6.5],"texture":"#0"}}},{"from":[7.5,4.75,13.75],"to":[8.5,5.75,14.75],"rotation":{"angle":0,"axis":"y","origin":[0,-1,-9]},"faces":{"north":{"uv":[6.5,0.5,7,1],"texture":"#0"},"east":{"uv":[6.5,0.5,7,1],"texture":"#0"},"south":{"uv":[6.5,0.5,7,1],"texture":"#0"},"west":{"uv":[6.5,0.5,7,1],"texture":"#0"},"up":{"uv":[7,1,6.5,0.5],"texture":"#0"},"down":{"uv":[7,0.5,6.5,1],"texture":"#0"}}},{"from":[7.5,6,13.75],"to":[8.5,7,14.75],"rotation":{"angle":0,"axis":"y","origin":[0,-1,-9]},"faces":{"north":{"uv":[6.5,0.5,7,1],"texture":"#0"},"east":{"uv":[6.5,0.5,7,1],"texture":"#0"},"south":{"uv":[6.5,0.5,7,1],"texture":"#0"},"west":{"uv":[6.5,0.5,7,1],"texture":"#0"},"up":{"uv":[7,1,6.5,0.5],"texture":"#0"},"down":{"uv":[7,0.5,6.5,1],"texture":"#0"}}},{"from":[7.5,7.25,13.75],"to":[8.5,8.25,14.75],"rotation":{"angle":0,"axis":"y","origin":[0,-1,-9]},"faces":{"north":{"uv":[6.5,0.5,7,1],"texture":"#0"},"east":{"uv":[6.5,0.5,7,1],"texture":"#0"},"south":{"uv":[6.5,0.5,7,1],"texture":"#0"},"west":{"uv":[6.5,0.5,7,1],"texture":"#0"},"up":{"uv":[7,1,6.5,0.5],"texture":"#0"},"down":{"uv":[7,0.5,6.5,1],"texture":"#0"}}},{"from":[7.5,8.5,13.75],"to":[8.5,9.5,14.75],"rotation":{"angle":0,"axis":"y","origin":[0,-1,-9]},"faces":{"north":{"uv":[6.5,0.5,7,1],"texture":"#0"},"east":{"uv":[6.5,0.5,7,1],"texture":"#0"},"south":{"uv":[6.5,0.5,7,1],"texture":"#0"},"west":{"uv":[6.5,0.5,7,1],"texture":"#0"},"up":{"uv":[7,1,6.5,0.5],"texture":"#0"},"down":{"uv":[7,0.5,6.5,1],"texture":"#0"}}},{"from":[6.25,8.5,13.75],"to":[7.25,9.5,14.75],"rotation":{"angle":0,"axis":"y","origin":[0,-1,-9]},"faces":{"north":{"uv":[6.5,0.5,7,1],"texture":"#0"},"east":{"uv":[6.5,0.5,7,1],"texture":"#0"},"south":{"uv":[6.5,0.5,7,1],"texture":"#0"},"west":{"uv":[6.5,0.5,7,1],"texture":"#0"},"up":{"uv":[7,1,6.5,0.5],"texture":"#0"},"down":{"uv":[7,0.5,6.5,1],"texture":"#0"}}},{"from":[6.25,7.25,13.75],"to":[7.25,8.25,14.75],"rotation":{"angle":0,"axis":"y","origin":[0,-1,-9]},"faces":{"north":{"uv":[6.5,0.5,7,1],"texture":"#0"},"east":{"uv":[6.5,0.5,7,1],"texture":"#0"},"south":{"uv":[6.5,0.5,7,1],"texture":"#0"},"west":{"uv":[6.5,0.5,7,1],"texture":"#0"},"up":{"uv":[7,1,6.5,0.5],"texture":"#0"},"down":{"uv":[7,0.5,6.5,1],"texture":"#0"}}},{"from":[6.25,6,13.75],"to":[7.25,7,14.75],"rotation":{"angle":0,"axis":"y","origin":[0,-1,-9]},"faces":{"north":{"uv":[6.5,0.5,7,1],"texture":"#0"},"east":{"uv":[6.5,0.5,7,1],"texture":"#0"},"south":{"uv":[6.5,0.5,7,1],"texture":"#0"},"west":{"uv":[6.5,0.5,7,1],"texture":"#0"},"up":{"uv":[7,1,6.5,0.5],"texture":"#0"},"down":{"uv":[7,0.5,6.5,1],"texture":"#0"}}},{"from":[8.75,8.5,13.75],"to":[9.75,9.5,14.75],"rotation":{"angle":0,"axis":"y","origin":[0,-1,-9]},"faces":{"north":{"uv":[6.5,0.5,7,1],"texture":"#0"},"east":{"uv":[6.5,0.5,7,1],"texture":"#0"},"south":{"uv":[6.5,0.5,7,1],"texture":"#0"},"west":{"uv":[6.5,0.5,7,1],"texture":"#0"},"up":{"uv":[7,1,6.5,0.5],"texture":"#0"},"down":{"uv":[7,0.5,6.5,1],"texture":"#0"}}},{"from":[8.75,7.25,13.75],"to":[9.75,8.25,14.75],"rotation":{"angle":0,"axis":"y","origin":[0,-1,-9]},"faces":{"north":{"uv":[6.5,0.5,7,1],"texture":"#0"},"east":{"uv":[6.5,0.5,7,1],"texture":"#0"},"south":{"uv":[6.5,0.5,7,1],"texture":"#0"},"west":{"uv":[6.5,0.5,7,1],"texture":"#0"},"up":{"uv":[7,1,6.5,0.5],"texture":"#0"},"down":{"uv":[7,0.5,6.5,1],"texture":"#0"}}},{"from":[8.75,6,13.75],"to":[9.75,7,14.75],"rotation":{"angle":0,"axis":"y","origin":[0,-1,-9]},"faces":{"north":{"uv":[6.5,0.5,7,1],"texture":"#0"},"east":{"uv":[6.5,0.5,7,1],"texture":"#0"},"south":{"uv":[6.5,0.5,7,1],"texture":"#0"},"west":{"uv":[6.5,0.5,7,1],"texture":"#0"},"up":{"uv":[7,1,6.5,0.5],"texture":"#0"},"down":{"uv":[7,0.5,6.5,1],"texture":"#0"}}},{"from":[7,11,13],"to":[9,13,14],"rotation":{"angle":0,"axis":"y","origin":[0,-1,-1]},"faces":{"east":{"uv":[6,0,6.5,1],"texture":"#0"},"west":{"uv":[6,0,6.5,1],"texture":"#0"},"up":{"uv":[7.5,0.5,6.5,0],"texture":"#0"},"down":{"uv":[7.5,0,6.5,0.5],"texture":"#0"}}},{"from":[7,2,13],"to":[9,4,14],"rotation":{"angle":0,"axis":"y","origin":[0,-1,-1]},"faces":{"east":{"uv":[6,0,6.5,1],"texture":"#0"},"west":{"uv":[6,0,6.5,1],"texture":"#0"},"up":{"uv":[7.5,0.5,6.5,0],"texture":"#0"},"down":{"uv":[7.5,0,6.5,0.5],"texture":"#0"}}},{"from":[6,10,12],"to":[10,11,14],"rotation":{"angle":0,"axis":"y","origin":[0,-1,-1]},"faces":{"north":{"uv":[3,9.5,5,10],"texture":"#0"},"east":{"uv":[3,10,4,10.5],"texture":"#0"},"west":{"uv":[4,10,3,10.5],"texture":"#0"},"up":{"uv":[5,9.5,3,8.5],"texture":"#0"},"down":{"uv":[5,8.5,3,9.5],"texture":"#0"}}},{"from":[8,-8,10],"to":[8,3,16],"rotation":{"angle":45,"axis":"y","origin":[8,2,12]},"faces":{"east":{"uv":[0,8.5,3,14],"texture":"#0"},"west":{"uv":[3,8.5,0,14],"texture":"#0"}}}],"gui_light":"front","display":{"thirdperson_righthand":{"rotation":[67.5,0,0],"translation":[0,2.75,-0.25],"scale":[0.33008,0.33008,0.33008]},"thirdperson_lefthand":{"rotation":[67.5,0,0],"translation":[0,2.75,-0.25],"scale":[0.33008,0.33008,0.33008]},"firstperson_righthand":{"translation":[-2.75,5.25,3],"scale":[0.31406,0.31406,0.31406]},"firstperson_lefthand":{"translation":[-2.75,5.25,3],"scale":[0.31406,0.31406,0.31406]},"ground":{"translation":[0,6,-4.25],"scale":[0.6,0.6,0.6]},"gui":{"rotation":[30,135,0],"translation":[-4,-2.75,0],"scale":[0.89609,0.89609,0.89609]},"head":{"rotation":[0,180,0],"translation":[0,-30.4,0],"scale":[1.6,1.6,1.6]},"fixed":{"translation":[0,0,-16],"scale":[2,2,2]}}}