{"credit":"MadewithBlockbench","texture_size":[32,32],"textures":{"0":"elitecreatures:prison_furniture_v1/poster_1","particle":"elitecreatures:prison_furniture_v1/poster_1"},"elements":[{"from":[0,0,15.9],"to":[16,18,15.9],"faces":{"north":{"uv":[0,0,8,9],"texture":"#0"},"south":{"uv":[8,0,0,9],"texture":"#0"}}}],"gui_light":"front","display":{"thirdperson_righthand":{"rotation":[67.5,0,0],"translation":[0,3.25,0.25],"scale":[0.36328,0.36328,0.36328]},"thirdperson_lefthand":{"rotation":[67.5,0,0],"translation":[0,3.25,0.25],"scale":[0.36328,0.36328,0.36328]},"firstperson_righthand":{"translation":[-4.5,6,5.25],"scale":[0.22227,0.22227,0.22227]},"firstperson_lefthand":{"translation":[-4.5,6,5.25],"scale":[0.22227,0.22227,0.22227]},"ground":{"translation":[0,6,-4],"scale":[0.65,0.65,0.65]},"gui":{"rotation":[30,135,0],"translation":[-5,-3,0],"scale":[0.89609,0.89609,0.89609]},"head":{"rotation":[0,180,0],"translation":[0,-30.4,0],"scale":[1.6,1.6,1.6]},"fixed":{"translation":[0,0,-16],"scale":[2,2,2]}}}