{"credit":"MadewithBlockbench","texture_size":[64,64],"textures":{"0":"elitecreatures:prison_furniture_v1/shelf_1","particle":"elitecreatures:prison_furniture_v1/shelf_1"},"elements":[{"from":[-15,14,4],"to":[15,16,15],"faces":{"north":{"uv":[0,0,7.5,0.5],"texture":"#0"},"east":{"uv":[0,3.25,2.75,3.75],"texture":"#0"},"south":{"uv":[0,0,7.5,0.5],"texture":"#0"},"west":{"uv":[0,3.25,2.75,3.75],"texture":"#0"},"up":{"uv":[7.5,3.25,0,0.5],"texture":"#0"},"down":{"uv":[7.5,0.5,0,3.25],"texture":"#0"}}},{"from":[-15,14,15],"to":[15,20,16],"faces":{"north":{"uv":[0,3.75,7.5,5.25],"texture":"#0"},"east":{"uv":[7.5,3.75,7.75,5.25],"texture":"#0"},"south":{"uv":[0,3.75,7.5,5.25],"texture":"#0"},"west":{"uv":[7.5,3.75,7.75,5.25],"texture":"#0"},"up":{"uv":[7.5,5.5,0,5.25],"texture":"#0"},"down":{"uv":[7.5,5.25,0,5.5],"texture":"#0"}}},{"from":[15,14,4],"to":[16,18,16],"faces":{"north":{"uv":[7.75,0,8,1],"texture":"#0"},"east":{"uv":[8,0,11,1],"texture":"#0"},"south":{"uv":[7.75,0,8,1],"texture":"#0"},"west":{"uv":[8,0,11,1],"texture":"#0"},"up":{"uv":[7.75,3,7.5,0],"texture":"#0"},"down":{"uv":[7.75,0,7.5,3],"texture":"#0"}}},{"from":[-16,14,4],"to":[-15,18,16],"rotation":{"angle":0,"axis":"y","origin":[16,0,0]},"faces":{"north":{"uv":[8,0,7.75,1],"texture":"#0"},"east":{"uv":[11,0,8,1],"texture":"#0"},"south":{"uv":[8,0,7.75,1],"texture":"#0"},"west":{"uv":[11,0,8,1],"texture":"#0"},"up":{"uv":[7.5,3,7.75,0],"texture":"#0"},"down":{"uv":[7.5,0,7.75,3],"texture":"#0"}}}],"gui_light":"front","display":{"thirdperson_righthand":{"rotation":[67.5,0,0],"translation":[2,1,-2.25],"scale":[0.22852,0.22852,0.22852]},"thirdperson_lefthand":{"rotation":[67.5,0,0],"translation":[-1.75,1,-2.25],"scale":[0.22852,0.22852,0.22852]},"firstperson_righthand":{"translation":[3.25,-0.5,0],"scale":[0.32383,0.32383,0.32383]},"firstperson_lefthand":{"translation":[-2.25,-0.5,0],"scale":[0.32383,0.32383,0.32383]},"ground":{"translation":[3.5,0,-0.5],"scale":[0.45,0.45,0.45]},"gui":{"rotation":[30,135,0],"translation":[-3.5,-2.75,0],"scale":[0.48984,0.48984,0.48984]},"head":{"rotation":[0,180,0],"translation":[0,-30.4,0],"scale":[1.6,1.6,1.6]},"fixed":{"translation":[0,0,-16],"scale":[2,2,2]}}}