{"credit":"MadewithBlockbench","texture_size":[64,64],"textures":{"0":"elitecreatures:prison_furniture_v1/sink_1","particle":"elitecreatures:prison_furniture_v1/sink_1"},"elements":[{"from":[14,12,4],"to":[16,16,16],"faces":{"north":{"uv":[4.5,2,5,3],"texture":"#0"},"east":{"uv":[4,1,7,2],"texture":"#0"},"south":{"uv":[4.5,2,5,3],"texture":"#0"},"west":{"uv":[4,1,7,2],"texture":"#0"},"up":{"uv":[4.5,5,4,2],"texture":"#0"},"down":{"uv":[4.5,2,4,5],"texture":"#0"}}},{"from":[0,12,4],"to":[2,16,16],"rotation":{"angle":0,"axis":"y","origin":[16,0,0]},"faces":{"north":{"uv":[5,2,4.5,3],"texture":"#0"},"east":{"uv":[7,1,4,2],"texture":"#0"},"south":{"uv":[5,2,4.5,3],"texture":"#0"},"west":{"uv":[7,1,4,2],"texture":"#0"},"up":{"uv":[4,5,4.5,2],"texture":"#0"},"down":{"uv":[4,2,4.5,5],"texture":"#0"}}},{"from":[2,12,14],"to":[14,16,16],"faces":{"north":{"uv":[0,7.5,3,8.5],"texture":"#0"},"east":{"uv":[3,7.5,3.5,8.5],"texture":"#0"},"south":{"uv":[0,9,3,10],"texture":"#0"},"west":{"uv":[3,7.5,3.5,8.5],"texture":"#0"},"up":{"uv":[3,9,0,8.5],"texture":"#0"},"down":{"uv":[3,8.5,0,9],"texture":"#0"}}},{"from":[7,16,14],"to":[9,20,16],"faces":{"north":{"uv":[6,2,6.5,3],"texture":"#0"},"east":{"uv":[6,2,6.5,3],"texture":"#0"},"south":{"uv":[6,2,6.5,3],"texture":"#0"},"west":{"uv":[6,2,6.5,3],"texture":"#0"},"up":{"uv":[7,2.5,6.5,2],"texture":"#0"},"down":{"uv":[7,2,6.5,2.5],"texture":"#0"}}},{"from":[7,19,12],"to":[9,20,14],"faces":{"north":{"uv":[6,3.5,6.5,3.75],"texture":"#0"},"east":{"uv":[6,3.5,6.5,3.75],"texture":"#0"},"south":{"uv":[6,3.5,6.5,3.75],"texture":"#0"},"west":{"uv":[6,3.5,6.5,3.75],"texture":"#0"},"up":{"uv":[6.5,3.5,6,3],"texture":"#0"},"down":{"uv":[7,3,6.5,3.5],"texture":"#0"}}},{"from":[2,12,4],"to":[14,16,6],"faces":{"north":{"uv":[0,6,3,7],"texture":"#0"},"east":{"uv":[3,6,3.5,7],"texture":"#0"},"south":{"uv":[0,6,3,7],"texture":"#0"},"west":{"uv":[3,6,3.5,7],"texture":"#0"},"up":{"uv":[3,7.5,0,7],"texture":"#0"},"down":{"uv":[3,7,0,7.5],"texture":"#0"}}},{"from":[0,10,4],"to":[16,12,16],"faces":{"north":{"uv":[4,0,8,0.5],"texture":"#0"},"east":{"uv":[4,0.5,7,1],"texture":"#0"},"south":{"uv":[4,0,8,0.5],"texture":"#0"},"west":{"uv":[7,0.5,4,1],"texture":"#0"},"up":{"uv":[4,6,0,3],"texture":"#0"},"down":{"uv":[4,0,0,3],"texture":"#0"}}},{"from":[6,6,13],"to":[10,10,16],"faces":{"north":{"uv":[5,2,6,3],"texture":"#0"},"east":{"uv":[5,3.75,5.75,4.75],"texture":"#0"},"south":{"uv":[5,2,6,3],"texture":"#0"},"west":{"uv":[5.75,3.75,5,4.75],"texture":"#0"},"up":{"uv":[6,3.75,5,3],"texture":"#0"},"down":{"uv":[6,3,5,3.75],"texture":"#0"}}}],"gui_light":"front","display":{"thirdperson_righthand":{"rotation":[67.5,0,0],"translation":[0,2,-2],"scale":[0.33203,0.33203,0.33203]},"thirdperson_lefthand":{"rotation":[67.5,0,0],"translation":[0,2,-2],"scale":[0.33203,0.33203,0.33203]},"firstperson_righthand":{"translation":[0.75,0.75,0],"scale":[0.33164,0.33164,0.33164]},"firstperson_lefthand":{"translation":[0.75,0.75,0],"scale":[0.33164,0.33164,0.33164]},"ground":{"translation":[-0.25,3,-1.25],"scale":[0.55,0.55,0.55]},"gui":{"rotation":[30,135,0],"translation":[-1,-4,0],"scale":[0.72031,0.72031,0.72031]},"head":{"rotation":[0,180,0],"translation":[0,-30.4,0],"scale":[1.6,1.6,1.6]},"fixed":{"translation":[0,0,-16],"scale":[2,2,2]}}}