{"credit":"MadewithBlockbench","texture_size":[64,64],"textures":{"0":"elitecreatures:prison_furniture_v1/steel_cage_1","particle":"elitecreatures:prison_furniture_v1/steel_cage_1"},"elements":[{"from":[15,1,7],"to":[16,15,9],"rotation":{"angle":0,"axis":"y","origin":[7,0,7]},"faces":{"north":{"uv":[0.5,3.5,0.75,7],"texture":"#0"},"east":{"uv":[0,3.5,0.5,7],"texture":"#0"},"south":{"uv":[0.5,3.5,0.75,7],"texture":"#0"},"west":{"uv":[0,3.5,0.5,7],"texture":"#0"}}},{"from":[0,1,7],"to":[1,15,9],"rotation":{"angle":0,"axis":"y","origin":[9,0,7]},"faces":{"north":{"uv":[0.75,3.5,0.5,7],"texture":"#0"},"east":{"uv":[0.5,3.5,0,7],"texture":"#0"},"south":{"uv":[0.75,3.5,0.5,7],"texture":"#0"},"west":{"uv":[0.5,3.5,0,7],"texture":"#0"}}},{"from":[1,1,8],"to":[15,15,8],"rotation":{"angle":0,"axis":"y","origin":[7,0,7]},"faces":{"north":{"uv":[0,0,3.5,3.5],"texture":"#0"},"south":{"uv":[3.5,0,0,3.5],"texture":"#0"}}},{"from":[0,0,7],"to":[16,1,9],"rotation":{"angle":0,"axis":"y","origin":[7,0,7]},"faces":{"north":{"uv":[3.5,0.5,7.5,0.75],"texture":"#0"},"east":{"uv":[3.5,0.75,4,1],"texture":"#0"},"south":{"uv":[3.5,0.5,7.5,0.75],"texture":"#0"},"west":{"uv":[3.5,0.75,4,1],"texture":"#0"},"up":{"uv":[7.5,0.5,3.5,0],"texture":"#0"},"down":{"uv":[7.5,0,3.5,0.5],"texture":"#0"}}},{"from":[0,15,7],"to":[16,16,9],"rotation":{"angle":0,"axis":"y","origin":[7,16,7]},"faces":{"north":{"uv":[3.5,0.75,7.5,0.5],"texture":"#0"},"east":{"uv":[3.5,1,4,0.75],"texture":"#0"},"south":{"uv":[3.5,0.75,7.5,0.5],"texture":"#0"},"west":{"uv":[3.5,1,4,0.75],"texture":"#0"},"up":{"uv":[7.5,0.5,3.5,0],"texture":"#0"},"down":{"uv":[7.5,0,3.5,0.5],"texture":"#0"}}}],"gui_light":"front","display":{"thirdperson_righthand":{"rotation":[67.5,0,0],"translation":[0,0.5,0.5],"scale":[0.29688,0.29688,0.29688]},"thirdperson_lefthand":{"rotation":[67.5,0,0],"translation":[0,0.5,0.5],"scale":[0.29688,0.29688,0.29688]},"firstperson_righthand":{"translation":[2.75,2.75,0],"scale":[0.42344,0.42344,0.42344]},"firstperson_lefthand":{"translation":[2.75,2.75,0],"scale":[0.42344,0.42344,0.42344]},"ground":{"translation":[0,5,0],"scale":[0.55,0.55,0.55]},"gui":{"rotation":[30,135,0],"scale":[0.73594,0.73594,0.73594]},"head":{"rotation":[0,180,0],"translation":[0,-30.4,0],"scale":[1.6,1.6,1.6]},"fixed":{"rotation":[-90,0,0],"translation":[0,0,-16],"scale":[2,2,2]}}}