{"credit":"MadewithBlockbench","texture_size":[64,64],"textures":{"0":"elitecreatures:prison_furniture_v1/table_3","particle":"elitecreatures:prison_furniture_v1/table_3"},"elements":[{"from":[-16,14,4],"to":[16,16,16],"faces":{"north":{"uv":[0,3,8,3.5],"texture":"#0"},"east":{"uv":[0,3.5,3,4],"texture":"#0"},"south":{"uv":[0,3,8,3.5],"texture":"#0"},"west":{"uv":[0,3.5,3,4],"texture":"#0"},"up":{"uv":[8,3,0,0],"texture":"#0"},"down":{"uv":[8,0,0,3],"texture":"#0"}}},{"from":[-1.5,5,0],"to":[1.5,7,15],"rotation":{"angle":0,"axis":"y","origin":[8,7,8]},"faces":{"north":{"uv":[8.75,0.5,9.5,1],"texture":"#0"},"east":{"uv":[8.75,0,12.5,0.5],"texture":"#0"},"south":{"uv":[8.75,0.5,9.5,1],"texture":"#0"},"west":{"uv":[8.75,0,12.5,0.5],"texture":"#0"},"up":{"uv":[8.75,3.75,8,0],"texture":"#0"},"down":{"uv":[8.75,0,8,3.75],"texture":"#0"}}},{"from":[-2.5,4,15],"to":[2.5,8,16],"rotation":{"angle":0,"axis":"y","origin":[8,7,8]},"faces":{"north":{"uv":[0.25,4,1.5,5],"texture":"#0"},"east":{"uv":[0,4,0.25,5],"texture":"#0"},"south":{"uv":[0.25,4,1.5,5],"texture":"#0"},"west":{"uv":[0.25,4,0,5],"texture":"#0"},"up":{"uv":[1.25,5.25,0,5],"texture":"#0"},"down":{"uv":[1.25,5,0,5.25],"texture":"#0"}}},{"from":[-4.5,7,-4],"to":[4.5,9,5],"rotation":{"angle":0,"axis":"y","origin":[8,8,8]},"faces":{"north":{"uv":[9.5,2.75,11.75,3.25],"texture":"#0"},"east":{"uv":[9.5,2.75,11.75,3.25],"texture":"#0"},"south":{"uv":[9.5,2.75,11.75,3.25],"texture":"#0"},"west":{"uv":[9.5,2.75,11.75,3.25],"texture":"#0"},"up":{"uv":[11.75,2.75,9.5,0.5],"texture":"#0"},"down":{"uv":[11.75,0.5,9.5,2.75],"texture":"#0"}}}],"gui_light":"front","display":{"thirdperson_righthand":{"rotation":[67.5,0,0],"translation":[1.5,1.5,0],"scale":[0.18828,0.18828,0.18828]},"thirdperson_lefthand":{"rotation":[67.5,0,0],"translation":[-1.5,1.5,0],"scale":[0.18828,0.18828,0.18828]},"firstperson_righthand":{"translation":[3.75,1.25,0.75],"scale":[0.27109,0.27109,0.27109]},"firstperson_lefthand":{"translation":[-0.5,1.25,0.75],"scale":[0.27109,0.27109,0.27109]},"ground":{"translation":[3.75,3,-1.5],"scale":[0.45,0.45,0.45]},"gui":{"rotation":[30,135,0],"translation":[-3.25,-1,0],"scale":[0.48008,0.48008,0.48008]},"head":{"rotation":[0,180,0],"translation":[0,-30.4,0],"scale":[1.6,1.6,1.6]},"fixed":{"translation":[0,0,-16],"scale":[2,2,2]}}}