{"credit":"MadewithBlockbench","texture_size":[64,64],"textures":{"0":"elitecreatures:prison_furniture_v1/table_1","particle":"elitecreatures:prison_furniture_v1/table_1"},"elements":[{"from":[-4,14,-4],"to":[20,16,20],"faces":{"north":{"uv":[0,6,6,6.5],"texture":"#0"},"east":{"uv":[0,6,6,6.5],"texture":"#0"},"south":{"uv":[0,6,6,6.5],"texture":"#0"},"west":{"uv":[0,6,6,6.5],"texture":"#0"},"up":{"uv":[6,6,0,0],"texture":"#0"},"down":{"uv":[6,0,0,6],"texture":"#0"}}},{"from":[6,0,6],"to":[10,14,10],"faces":{"north":{"uv":[0,6.5,1,10],"texture":"#0"},"east":{"uv":[0,6.5,1,10],"texture":"#0"},"south":{"uv":[0,6.5,1,10],"texture":"#0"},"west":{"uv":[0,6.5,1,10],"texture":"#0"}}},{"from":[-9,5,6.5],"to":[25,7,9.5],"rotation":{"angle":0,"axis":"y","origin":[8,7,8]},"faces":{"north":{"uv":[6,0.75,14.5,1.25],"texture":"#0"},"east":{"uv":[6,1.25,6.75,1.75],"texture":"#0"},"south":{"uv":[6,0.75,14.5,1.25],"texture":"#0"},"west":{"uv":[6,1.25,6.75,1.75],"texture":"#0"},"up":{"uv":[14.5,0.75,6,0],"texture":"#0"},"down":{"uv":[14.5,0,6,0.75],"texture":"#0"}}},{"from":[19,7,3.5],"to":[28,9,12.5],"rotation":{"angle":0,"axis":"y","origin":[8,8,8]},"faces":{"north":{"uv":[1,8.75,3.25,9.25],"texture":"#0"},"east":{"uv":[1,8.75,3.25,9.25],"texture":"#0"},"south":{"uv":[1,8.75,3.25,9.25],"texture":"#0"},"west":{"uv":[1,8.75,3.25,9.25],"texture":"#0"},"up":{"uv":[3.25,8.75,1,6.5],"texture":"#0"},"down":{"uv":[3.25,6.5,1,8.75],"texture":"#0"}}},{"from":[-12,7,3.5],"to":[-3,9,12.5],"rotation":{"angle":0,"axis":"y","origin":[8,8,8]},"faces":{"north":{"uv":[3.25,8.75,1,9.25],"texture":"#0"},"east":{"uv":[3.25,8.75,1,9.25],"texture":"#0"},"south":{"uv":[3.25,8.75,1,9.25],"texture":"#0"},"west":{"uv":[3.25,8.75,1,9.25],"texture":"#0"},"up":{"uv":[1,8.75,3.25,6.5],"texture":"#0"},"down":{"uv":[1,6.5,3.25,8.75],"texture":"#0"}}},{"from":[3.5,7,19],"to":[12.5,9,28],"rotation":{"angle":0,"axis":"y","origin":[8,8,8]},"faces":{"north":{"uv":[1,8.75,3.25,9.25],"texture":"#0"},"east":{"uv":[1,8.75,3.25,9.25],"texture":"#0"},"south":{"uv":[1,8.75,3.25,9.25],"texture":"#0"},"west":{"uv":[1,8.75,3.25,9.25],"texture":"#0"},"up":{"uv":[3.25,8.75,1,6.5],"rotation":90,"texture":"#0"},"down":{"uv":[3.25,6.5,1,8.75],"rotation":270,"texture":"#0"}}},{"from":[6.5,5,-9],"to":[9.5,7,25],"rotation":{"angle":0,"axis":"y","origin":[8,7,8]},"faces":{"north":{"uv":[6,1.25,6.75,1.75],"texture":"#0"},"east":{"uv":[6,0.75,14.5,1.25],"texture":"#0"},"south":{"uv":[6,1.25,6.75,1.75],"texture":"#0"},"west":{"uv":[6,0.75,14.5,1.25],"texture":"#0"},"up":{"uv":[14.5,0.75,6,0],"rotation":90,"texture":"#0"},"down":{"uv":[14.5,0,6,0.75],"rotation":270,"texture":"#0"}}},{"from":[3.5,7,-12],"to":[12.5,9,-3],"rotation":{"angle":0,"axis":"y","origin":[8,8,8]},"faces":{"north":{"uv":[3.25,8.75,1,9.25],"texture":"#0"},"east":{"uv":[3.25,8.75,1,9.25],"texture":"#0"},"south":{"uv":[3.25,8.75,1,9.25],"texture":"#0"},"west":{"uv":[3.25,8.75,1,9.25],"texture":"#0"},"up":{"uv":[1,8.75,3.25,6.5],"rotation":90,"texture":"#0"},"down":{"uv":[1,6.5,3.25,8.75],"rotation":270,"texture":"#0"}}},{"from":[3.5,7,19],"to":[12.5,9,28],"rotation":{"angle":0,"axis":"y","origin":[8,8,8]},"faces":{"north":{"uv":[1,8.75,3.25,9.25],"texture":"#0"},"east":{"uv":[1,8.75,3.25,9.25],"texture":"#0"},"south":{"uv":[1,8.75,3.25,9.25],"texture":"#0"},"west":{"uv":[1,8.75,3.25,9.25],"texture":"#0"},"up":{"uv":[3.25,8.75,1,6.5],"rotation":90,"texture":"#0"},"down":{"uv":[3.25,6.5,1,8.75],"rotation":270,"texture":"#0"}}},{"from":[6.5,5,-9],"to":[9.5,7,25],"rotation":{"angle":0,"axis":"y","origin":[8,7,8]},"faces":{"north":{"uv":[6,1.25,6.75,1.75],"texture":"#0"},"east":{"uv":[6,0.75,14.5,1.25],"texture":"#0"},"south":{"uv":[6,1.25,6.75,1.75],"texture":"#0"},"west":{"uv":[6,0.75,14.5,1.25],"texture":"#0"},"up":{"uv":[14.5,0.75,6,0],"rotation":90,"texture":"#0"},"down":{"uv":[14.5,0,6,0.75],"rotation":270,"texture":"#0"}}},{"from":[3.5,7,-12],"to":[12.5,9,-3],"rotation":{"angle":0,"axis":"y","origin":[8,8,8]},"faces":{"north":{"uv":[3.25,8.75,1,9.25],"texture":"#0"},"east":{"uv":[3.25,8.75,1,9.25],"texture":"#0"},"south":{"uv":[3.25,8.75,1,9.25],"texture":"#0"},"west":{"uv":[3.25,8.75,1,9.25],"texture":"#0"},"up":{"uv":[1,8.75,3.25,6.5],"rotation":90,"texture":"#0"},"down":{"uv":[1,6.5,3.25,8.75],"rotation":270,"texture":"#0"}}}],"gui_light":"front","display":{"thirdperson_righthand":{"rotation":[67.5,0,0],"translation":[0,1.25,0],"scale":[0.20781,0.20781,0.20781]},"thirdperson_lefthand":{"rotation":[67.5,0,0],"translation":[0,1.25,0],"scale":[0.20781,0.20781,0.20781]},"firstperson_righthand":{"translation":[0.75,2,0],"scale":[0.26719,0.26719,0.26719]},"firstperson_lefthand":{"translation":[0.75,2,0],"scale":[0.26719,0.26719,0.26719]},"ground":{"translation":[0,5,0],"scale":[0.45,0.45,0.45]},"gui":{"rotation":[30,135,0],"translation":[0,-1,0],"scale":[0.4293,0.4293,0.4293]},"head":{"rotation":[0,180,0],"translation":[0,-30.4,0],"scale":[1.6,1.6,1.6]},"fixed":{"rotation":[-90,0,0],"translation":[0,0,-16],"scale":[2,2,2]}}}