{"credit":"MadewithBlockbench","texture_size":[64,64],"textures":{"0":"elitecreatures:prison_furniture_v1/toilet_2","particle":"elitecreatures:prison_furniture_v1/toilet_2"},"elements":[{"from":[1,0,6],"to":[15,14,16],"faces":{"north":{"uv":[4.25,8.75,7.75,12.25],"texture":"#0"},"east":{"uv":[8.5,5.75,11,9.25],"texture":"#0"},"south":{"uv":[0,0,3.5,3.5],"texture":"#0"},"west":{"uv":[3.5,0,6,3.5],"texture":"#0"},"up":{"uv":[9.5,2.5,6,0],"texture":"#0"},"down":{"uv":[9.5,2.5,6,5],"texture":"#0"}}},{"from":[0.5,9,12],"to":[1.5,11,13],"faces":{"north":{"uv":[5.75,3.5,6,4],"texture":"#0"},"south":{"uv":[5.75,3.5,6,4],"texture":"#0"},"west":{"uv":[5.75,4.25,6,4.75],"texture":"#0"},"up":{"uv":[6,4.25,5.75,4],"texture":"#0"},"down":{"uv":[6,4,5.75,4.25],"texture":"#0"}}},{"from":[9,8,5],"to":[12,11,6],"faces":{"north":{"uv":[3.75,5,4.5,5.75],"texture":"#0"},"east":{"uv":[3.5,5,3.75,5.75],"texture":"#0"},"west":{"uv":[3.5,5,3.75,5.75],"texture":"#0"},"up":{"uv":[3.75,5.75,3.5,5],"rotation":90,"texture":"#0"},"down":{"uv":[3.5,5.75,3.75,5],"rotation":90,"texture":"#0"}}},{"from":[13,14,9],"to":[15,16,14],"faces":{"east":{"uv":[4.5,3.5,5.75,4],"texture":"#0"},"west":{"uv":[4.5,3.5,5.75,4],"texture":"#0"},"up":{"uv":[4.5,4.75,4,3.5],"texture":"#0"},"down":{"uv":[4.5,3.5,4,4.75],"texture":"#0"}}},{"from":[1,14,9],"to":[3,16,14],"rotation":{"angle":0,"axis":"y","origin":[16,0,0]},"faces":{"east":{"uv":[5.75,3.5,4.5,4],"texture":"#0"},"west":{"uv":[5.75,3.5,4.5,4],"texture":"#0"},"up":{"uv":[4,4.75,4.5,3.5],"texture":"#0"},"down":{"uv":[4,3.5,4.5,4.75],"texture":"#0"}}},{"from":[1,14,6],"to":[15,16,9],"faces":{"north":{"uv":[0,6.5,3.5,7],"texture":"#0"},"east":{"uv":[0,7.75,0.75,8.25],"texture":"#0"},"south":{"uv":[0,6.5,3.5,7],"texture":"#0"},"west":{"uv":[0,7.75,0.75,8.25],"texture":"#0"},"up":{"uv":[3.5,7.75,0,7],"texture":"#0"}}},{"from":[-9,6,-10],"to":[3,8,-8],"rotation":{"angle":45,"axis":"y","origin":[8,4,-2.25]},"faces":{"north":{"uv":[10.25,5.25,13.25,5.75],"texture":"#0"},"east":{"uv":[12,3,12.5,3.5],"texture":"#0"},"south":{"uv":[9.5,3.5,12.5,4],"texture":"#0"},"west":{"uv":[12,3,12.5,3.5],"texture":"#0"},"up":{"uv":[12.5,4,9.5,3.5],"texture":"#0"}}},{"from":[-9,4,-10],"to":[3,6,0],"rotation":{"angle":45,"axis":"y","origin":[8,4,-2.25]},"faces":{"north":{"uv":[9.5,2.5,12.5,3],"texture":"#0"},"east":{"uv":[9.5,3,12,3.5],"texture":"#0"},"south":{"uv":[9.5,2.5,12.5,3],"texture":"#0"},"west":{"uv":[9.5,3,12,3.5],"texture":"#0"},"up":{"uv":[12.5,2.5,9.5,0],"texture":"#0"},"down":{"uv":[15.5,0,12.5,2.5],"texture":"#0"}}},{"from":[1,6,-8],"to":[3,8,-3],"rotation":{"angle":45,"axis":"y","origin":[8,4,-2.25]},"faces":{"east":{"uv":[8,5,9.25,5.5],"texture":"#0"},"west":{"uv":[8,5,9.25,5.5],"texture":"#0"},"up":{"uv":[8.5,6.75,8,5.5],"texture":"#0"}}},{"from":[-9,6,-8],"to":[-7,8,-3],"rotation":{"angle":45,"axis":"y","origin":[8,4,-2.25]},"faces":{"east":{"uv":[8,5,9.25,5.5],"texture":"#0"},"west":{"uv":[8,5,9.25,5.5],"texture":"#0"},"up":{"uv":[8,6.75,8.5,5.5],"texture":"#0"}}},{"from":[-9,6,-3],"to":[3,8,0],"rotation":{"angle":45,"axis":"y","origin":[8,4,-2.25]},"faces":{"north":{"uv":[9.5,4,12.5,4.5],"texture":"#0"},"east":{"uv":[9.5,5.25,10.25,5.75],"texture":"#0"},"south":{"uv":[9.5,4,12.5,4.5],"texture":"#0"},"west":{"uv":[9.5,5.25,10.25,5.75],"texture":"#0"},"up":{"uv":[12.5,5.25,9.5,4.5],"texture":"#0"}}},{"from":[-7,0,-7],"to":[1,4,0],"rotation":{"angle":45,"axis":"y","origin":[8,4,-2.25]},"faces":{"north":{"uv":[6,6.75,8,7.75],"texture":"#0"},"east":{"uv":[6,7.75,7.75,8.75],"texture":"#0"},"west":{"uv":[7.75,7.75,6,8.75],"texture":"#0"},"down":{"uv":[8,5,6,6.75],"texture":"#0"}}},{"from":[-7,0,0],"to":[1,8,3],"rotation":{"angle":45,"axis":"y","origin":[8,4,-2.25]},"faces":{"north":{"uv":[13.25,2.5,15.25,4.5],"texture":"#0"},"east":{"uv":[12.5,2.5,13.25,4.5],"texture":"#0"},"south":{"uv":[13.25,2.5,15.25,4.5],"texture":"#0"},"west":{"uv":[15.25,2.5,16,4.5],"texture":"#0"},"up":{"uv":[14.5,5.25,12.5,4.5],"texture":"#0"},"down":{"uv":[15.25,5.25,13.25,6],"texture":"#0"}}},{"from":[1,14,14],"to":[15,20,16],"faces":{"north":{"uv":[0,8.25,3.5,9.75],"texture":"#0"},"east":{"uv":[3.5,8.25,4,9.75],"texture":"#0"},"south":{"uv":[0,9.75,3.5,11.25],"texture":"#0"},"west":{"uv":[4,8.25,3.5,9.75],"texture":"#0"},"up":{"uv":[3.5,11.75,0,11.25],"texture":"#0"}}},{"from":[7,17,12],"to":[9,19,15],"rotation":{"angle":-22.5,"axis":"x","origin":[8,18,13.5]},"faces":{"north":{"uv":[5.25,4,5.75,4.5],"texture":"#0"},"east":{"uv":[4.5,4,5.25,4.5],"texture":"#0"},"south":{"uv":[5.25,4,5.75,4.5],"texture":"#0"},"west":{"uv":[5.25,4,4.5,4.5],"texture":"#0"},"up":{"uv":[5.5,5.25,5,4.5],"texture":"#0"},"down":{"uv":[5,4.5,4.5,5.25],"texture":"#0"}}}],"gui_light":"front","display":{"thirdperson_righthand":{"rotation":[67.5,0,0],"translation":[1,2.5,0],"scale":[0.28516,0.28516,0.28516]},"thirdperson_lefthand":{"rotation":[67.5,0,0],"translation":[-1.25,2.5,0],"scale":[0.28516,0.28516,0.28516]},"firstperson_righthand":{"translation":[2,3.25,0],"scale":[0.27695,0.27695,0.27695]},"firstperson_lefthand":{"translation":[2,3.25,0],"scale":[0.27695,0.27695,0.27695]},"ground":{"translation":[2.5,6,0],"scale":[0.5,0.5,0.5]},"gui":{"rotation":[30,135,0],"translation":[-1.25,-0.75,0],"scale":[0.51914,0.51914,0.51914]},"head":{"rotation":[0,180,0],"translation":[0,-30.4,0],"scale":[1.6,1.6,1.6]},"fixed":{"rotation":[-90,0,0],"translation":[0,0,-16],"scale":[2,2,2]}}}