{"sources":[{"type":"directory","source":"block","prefix":"block/"},{"type":"directory","source":"items","prefix":"items/"},{"type":"directory","source":"item","prefix":"item/"},{"type":"directory","source":"custom","prefix":"custom/"},{"type":"directory","source":"entity/conduit","prefix":"entity/conduit/"},{"type":"single","resource":"entity/bell/bell_body"},{"type":"single","resource":"entity/enchanting_table_book"},{"type":"directory","source":"plushies","prefix":"plushies/"},{"type":"single","resource":"custom/cars/suv_cabrio_yellowgold"},{"type":"single","resource":"custom/cars/hovercraft_lime"},{"type":"single","resource":"custom/cars/suv_bordeaux"},{"type":"single","resource":"blocks/glass_yellow"},{"type":"single","resource":"custom/cars/planefighter_oranje"},{"type":"single","resource":"custom/cars/planegreen"},{"type":"single","resource":"custom/cars/sedan_sportief_goldv2"},{"type":"single","resource":"custom/cars/hoverboard_purple"},{"type":"single","resource":"custom/cars/sportief_diamond"},{"type":"single","resource":"elitecreatures:arcade_furniture_v2/small_piles_tokens"},{"type":"single","resource":"custom/cars/sedan_navyblauw"},{"type":"single","resource":"custom/cars/fiets_vrouw_gray"},{"type":"single","resource":"custom/cars/hoverboard_orange"},{"type":"single","resource":"items/e_particle"},{"type":"single","resource":"elitecreatures:prison_furniture_v1/table_2"},{"type":"single","resource":"elitecreatures:prison_furniture_v1/table_1"},{"type":"single","resource":"elitecreatures:prison_furniture_v1/table_3"},{"type":"single","resource":"litefish:items/lfish_22"},{"type":"single","resource":"litefish:items/lfish_23"},{"type":"single","resource":"litefish:items/lfish_20"},{"type":"single","resource":"litefish:items/lfish_21"},{"type":"single","resource":"valentine_furniture_subpack:valentine_table_1"},{"type":"single","resource":"custom/cars/apache_leaves"},{"type":"single","resource":"custom/cars/apache_red"},{"type":"single","resource":"elitecreatures:arcade_furniture_v2/coin_pusher"},{"type":"single","resource":"litefish:items/lfish_19"},{"type":"single","resource":"custom/cars/sedan_cognac"},{"type":"single","resource":"custom/cars/suv_lime"},{"type":"single","resource":"litefish:items/lfish_17"},{"type":"single","resource":"custom/cars/sedan_brown"},{"type":"single","resource":"litefish:items/lfish_18"},{"type":"single","resource":"litefish:items/lfish_15"},{"type":"single","resource":"litefish:items/lfish_16"},{"type":"single","resource":"custom/cars/fiets_man_blueblack"},{"type":"single","resource":"litefish:items/lfish_13"},{"type":"single","resource":"litefish:items/lfish_14"},{"type":"single","resource":"elitecreatures:classroom_furniture_v1/classroom_cupboard"},{"type":"single","resource":"_iainternal:icons/icon_arrow_chest"},{"type":"single","resource":"custom/cars/hoverboard_babyblue"},{"type":"single","resource":"custom/cars/sedan_lily"},{"type":"single","resource":"litefish:items/lfish_11"},{"type":"single","resource":"litefish:items/lfish_12"},{"type":"single","resource":"litefish:items/lfish_10"},{"type":"single","resource":"nogs_menagerie:plushies/nm_plushie_cow_texture"},{"type":"single","resource":"valentine_furniture_subpack:valentine_wall_1"},{"type":"single","resource":"elitecreatures:prison_furniture_v1/food_1"},{"type":"single","resource":"custom/cars/sedan_red"},{"type":"single","resource":"custom/cars/ufo_vehicle"},{"type":"single","resource":"custom/cars/hotrod_orange"},{"type":"single","resource":"custom/cars/racecar_black"},{"type":"single","resource":"custom/cars/suv_cabrio_lightbluewhite"},{"type":"single","resource":"custom/cars/raket_legend_desert"},{"type":"single","resource":"custom/cars/planeoctopus"},{"type":"single","resource":"custom/cars/sportief_gold"},{"type":"single","resource":"elitecreatures:classroom_furniture_v1/classroom_cupboard_shelf"},{"type":"single","resource":"nogs_menagerie:plushies/nm_plushie_parrot_texture"},{"type":"single","resource":"nogs_menagerie:plushies/nm_plushie_turtle_texture"},{"type":"single","resource":"custom/cars/hoverboard_lemonyellow"},{"type":"single","resource":"custom/cars/sedan_sportief_kerst"},{"type":"single","resource":"custom/cars/wieken_klein"},{"type":"single","resource":"custom/cars/motor_gold"},{"type":"single","resource":"elitecreatures:arcade_furniture_v2/motorcycle_racing_arcade"},{"type":"single","resource":"nogs_menagerie:plushies/nm_plushie_allay_texture"},{"type":"single","resource":"custom/cars/sedan_monster"},{"type":"single","resource":"custom/cars/motor_blue"},{"type":"single","resource":"litefish:items/lfish_204"},{"type":"single","resource":"litefish:items/lfish_205"},{"type":"single","resource":"litefish:items/lfish_206"},{"type":"single","resource":"custom/cars/tank_legend_green"},{"type":"single","resource":"litefish:items/lfish_207"},{"type":"single","resource":"custom/cars/fiets_vrouw_green"},{"type":"single","resource":"litefish:items/lfish_208"},{"type":"single","resource":"custom/cars/sedan_politie"},{"type":"single","resource":"litefish:items/lfish_209"},{"type":"single","resource":"custom/cars/sportief_bordeauxclean"},{"type":"single","resource":"items/e_texture"},{"type":"single","resource":"litefish:items/lfish_200"},{"type":"single","resource":"litefish:items/lfish_201"},{"type":"single","resource":"litefish:items/lfish_202"},{"type":"single","resource":"litefish:items/lfish_203"},{"type":"single","resource":"custom/cars/apache_creme"},{"type":"single","resource":"custom/cars/sportief_orange"},{"type":"single","resource":"elitecreatures:prison_furniture_v1/poster_1"},{"type":"single","resource":"custom/cars/suv_cabrio_redblack"},{"type":"single","resource":"custom/cars/sedan_sportief_emerald"},{"type":"single","resource":"custom/cars/sportief_nietroodclean"},{"type":"single","resource":"litefish:items/lfish_215"},{"type":"single","resource":"litefish:items/lfish_216"},{"type":"single","resource":"litefish:items/lfish_217"},{"type":"single","resource":"litefish:items/lfish_218"},{"type":"single","resource":"litefish:items/lfish_219"},{"type":"single","resource":"litefish:items/lfish_210"},{"type":"single","resource":"litefish:items/lfish_211"},{"type":"single","resource":"litefish:items/lfish_212"},{"type":"single","resource":"custom/cars/sportief_fakegoldclean"},{"type":"single","resource":"litefish:items/lfish_213"},{"type":"single","resource":"litefish:items/lfish_214"},{"type":"single","resource":"custom/cars/hotrod_blackyellow"},{"type":"single","resource":"custom/cars/suv_stars"},{"type":"single","resource":"elitecreatures:prison_furniture_v1/barbed_fence_1"},{"type":"single","resource":"elitecreatures:prison_furniture_v1/steel_cage_1"},{"type":"single","resource":"litefish:items/lfish_105"},{"type":"single","resource":"elitecreatures:classroom_furniture_v1/classroom_board_04"},{"type":"single","resource":"litefish:items/lfish_106"},{"type":"single","resource":"blocks/concrete_black"},{"type":"single","resource":"elitecreatures:classroom_furniture_v1/classroom_board_03"},{"type":"single","resource":"litefish:items/lfish_107"},{"type":"single","resource":"elitecreatures:classroom_furniture_v1/classroom_board_02"},{"type":"single","resource":"litefish:items/lfish_108"},{"type":"single","resource":"elitecreatures:classroom_furniture_v1/classroom_board_01"},{"type":"single","resource":"litefish:items/lfish_109"},{"type":"single","resource":"custom/cars/tank_legend_desert"},{"type":"single","resource":"custom/cars/suv_upperblue"},{"type":"single","resource":"litefish:items/lfish_220"},{"type":"single","resource":"custom/cars/sportief_flamepink"},{"type":"single","resource":"litefish:items/lfish_221"},{"type":"single","resource":"litefish:items/lfish_100"},{"type":"single","resource":"litefish:items/lfish_222"},{"type":"single","resource":"litefish:items/lfish_101"},{"type":"single","resource":"litefish:items/lfish_223"},{"type":"single","resource":"litefish:items/lfish_102"},{"type":"single","resource":"custom/cars/raket_legend_camoforest"},{"type":"single","resource":"litefish:items/lfish_103"},{"type":"single","resource":"litefish:items/lfish_104"},{"type":"single","resource":"nogs_menagerie:plushies/nm_plushie_bee_texture"},{"type":"single","resource":"custom/cars/suv_brown"},{"type":"single","resource":"custom/cars/hoverboard_red"},{"type":"single","resource":"custom/cars/racecar_purplefade"},{"type":"single","resource":"custom/cars/fiets_vrouw_blueblack"},{"type":"single","resource":"custom/cars/tank_legend_camoforest"},{"type":"single","resource":"custom/cars/fiets_man_babyblue"},{"type":"single","resource":"elitecreatures:arcade_furniture_v2/darts"},{"type":"single","resource":"litefish:items/lfish_80"},{"type":"single","resource":"litefish:items/lfish_116"},{"type":"single","resource":"elitecreatures:classroom_furniture_v1/classroom_plantpot"},{"type":"single","resource":"litefish:items/lfish_81"},{"type":"single","resource":"litefish:items/lfish_117"},{"type":"single","resource":"custom/cars/jeep_politie"},{"type":"single","resource":"elitecreatures:classroom_furniture_v1/classroom_chair_01"},{"type":"single","resource":"litefish:items/lfish_118"},{"type":"single","resource":"elitecreatures:classroom_furniture_v1/classroom_chair_02"},{"type":"single","resource":"litefish:items/lfish_119"},{"type":"single","resource":"elitecreatures:classroom_furniture_v1/classroom_chair_03"},{"type":"single","resource":"custom/cars/boat_1"},{"type":"single","resource":"custom/cars/boat_2"},{"type":"single","resource":"custom/cars/boat_3"},{"type":"single","resource":"custom/cars/planegold"},{"type":"single","resource":"litefish:items/lfish_110"},{"type":"single","resource":"litefish:items/lfish_111"},{"type":"single","resource":"litefish:items/lfish_112"},{"type":"single","resource":"litefish:items/lfish_113"},{"type":"single","resource":"litefish:items/lfish_114"},{"type":"single","resource":"litefish:items/lfish_82"},{"type":"single","resource":"custom/cars/planeblue"},{"type":"single","resource":"litefish:items/lfish_115"},{"type":"single","resource":"_iainternal:icons/icon_left_blue"},{"type":"single","resource":"litefish:items/lfish_79"},{"type":"single","resource":"custom/cars/fiets_vrouw_pink"},{"type":"single","resource":"custom/cars/hotrod_pink"},{"type":"single","resource":"custom/cars/fiets_man_king"},{"type":"single","resource":"litefish:items/lfish_127"},{"type":"single","resource":"litefish:items/lfish_70"},{"type":"single","resource":"litefish:items/lfish_128"},{"type":"single","resource":"custom/cars/hoverboard_blue"},{"type":"single","resource":"litefish:items/lfish_129"},{"type":"single","resource":"custom/cars/sportief_blackyellow"},{"type":"single","resource":"custom/cars/racecar_diamond"},{"type":"single","resource":"litefish:items/lfish_77"},{"type":"single","resource":"custom/cars/suv_navyblue"},{"type":"single","resource":"litefish:items/lfish_78"},{"type":"single","resource":"litefish:items/lfish_120"},{"type":"single","resource":"litefish:items/lfish_75"},{"type":"single","resource":"litefish:items/lfish_121"},{"type":"single","resource":"custom/cars/hovercraft_animatedpurpleyellow"},{"type":"single","resource":"litefish:items/lfish_76"},{"type":"single","resource":"litefish:items/lfish_122"},{"type":"single","resource":"litefish:items/lfish_73"},{"type":"single","resource":"litefish:items/lfish_123"},{"type":"single","resource":"litefish:items/lfish_74"},{"type":"single","resource":"litefish:items/lfish_124"},{"type":"single","resource":"litefish:items/lfish_71"},{"type":"single","resource":"litefish:items/lfish_125"},{"type":"single","resource":"litefish:items/lfish_72"},{"type":"single","resource":"litefish:items/lfish_126"},{"type":"single","resource":"litefish:items/lfish_68"},{"type":"single","resource":"litefish:items/lfish_69"},{"type":"single","resource":"litefish:items/lfish_138"},{"type":"single","resource":"litefish:items/lfish_139"},{"type":"single","resource":"custom/cars/hoverboard_green"},{"type":"single","resource":"custom/cars/sportief_pink"},{"type":"single","resource":"custom/cars/fiets_man_bluediamond"},{"type":"single","resource":"litefish:items/lfish_130"},{"type":"single","resource":"litefish:items/lfish_131"},{"type":"single","resource":"litefish:items/lfish_132"},{"type":"single","resource":"litefish:items/lfish_133"},{"type":"single","resource":"litefish:items/lfish_134"},{"type":"single","resource":"litefish:items/lfish_135"},{"type":"single","resource":"custom/cars/sedan_sportief_obsidian"},{"type":"single","resource":"litefish:items/lfish_136"},{"type":"single","resource":"litefish:items/lfish_137"},{"type":"single","resource":"custom/cars/sedan_babyblue"},{"type":"single","resource":"custom/cars/hovercraft_white"},{"type":"single","resource":"elitecreatures:prison_furniture_v1/phone_1"},{"type":"single","resource":"elitecreatures:prison_furniture_v1/phone_2"},{"type":"single","resource":"custom/cars/hoverboard_gold"},{"type":"single","resource":"custom/cars/sportief_puppel"},{"type":"single","resource":"litefish:items/lfish_149"},{"type":"single","resource":"litefish:items/lfish_91"},{"type":"single","resource":"litefish:items/lfish_92"},{"type":"single","resource":"elitecreatures:prison_furniture_v1/chair_1"},{"type":"single","resource":"litefish:items/lfish_90"},{"type":"single","resource":"custom/cars/apache_bordeaux"},{"type":"single","resource":"litefish:items/lfish_141"},{"type":"single","resource":"litefish:items/lfish_99"},{"type":"single","resource":"custom/cars/hotrod_army"},{"type":"single","resource":"litefish:items/lfish_142"},{"type":"single","resource":"litefish:items/lfish_143"},{"type":"single","resource":"litefish:items/lfish_97"},{"type":"single","resource":"litefish:items/lfish_144"},{"type":"single","resource":"litefish:items/lfish_98"},{"type":"single","resource":"litefish:items/lfish_145"},{"type":"single","resource":"litefish:items/lfish_95"},{"type":"single","resource":"custom/cars/ufo_vehicle_blackgold"},{"type":"single","resource":"elitecreatures:arcade_furniture_v2/blue_arcade_machine"},{"type":"single","resource":"litefish:items/lfish_146"},{"type":"single","resource":"litefish:items/lfish_96"},{"type":"single","resource":"litefish:items/lfish_147"},{"type":"single","resource":"litefish:items/lfish_93"},{"type":"single","resource":"litefish:items/lfish_148"},{"type":"single","resource":"litefish:items/lfish_94"},{"type":"single","resource":"litefish:items/lfish_140"},{"type":"single","resource":"custom/cars/sedan_sportief_1"},{"type":"single","resource":"custom/cars/sedan_sportief_2"},{"type":"single","resource":"custom/cars/racecar_gold"},{"type":"single","resource":"custom/cars/sedan_sportief_3"},{"type":"single","resource":"custom/cars/sedan_sportief_4"},{"type":"single","resource":"custom/cars/sportief_flameblue"},{"type":"single","resource":"custom/cars/apache_orange"},{"type":"single","resource":"litefish:items/lfish_44"},{"type":"single","resource":"litefish:items/lfish_152"},{"type":"single","resource":"litefish:items/lfish_45"},{"type":"single","resource":"litefish:items/lfish_153"},{"type":"single","resource":"litefish:items/lfish_42"},{"type":"single","resource":"litefish:items/lfish_154"},{"type":"single","resource":"litefish:items/lfish_43"},{"type":"single","resource":"litefish:items/lfish_155"},{"type":"single","resource":"custom/cars/apache_obsidian"},{"type":"single","resource":"litefish:items/lfish_40"},{"type":"single","resource":"nogs_menagerie:plushies/nm_plushie_pig_texture"},{"type":"single","resource":"litefish:items/lfish_41"},{"type":"single","resource":"litefish:items/lfish_157"},{"type":"single","resource":"litefish:items/lfish_158"},{"type":"single","resource":"custom/cars/suv_giraffe"},{"type":"single","resource":"litefish:items/lfish_159"},{"type":"single","resource":"custom/cars/tank_legend_camodark"},{"type":"single","resource":"elitecreatures:classroom_furniture_v1/classroom_decorate_book_pen"},{"type":"single","resource":"custom/cars/sportief_puppelclean"},{"type":"single","resource":"valentine_furniture_subpack:valentine_rose_1"},{"type":"single","resource":"litefish:items/lfish_39"},{"type":"single","resource":"valentine_furniture_subpack:valentine_rose_2"},{"type":"single","resource":"litefish:items/lfish_37"},{"type":"single","resource":"litefish:items/lfish_38"},{"type":"single","resource":"litefish:items/lfish_35"},{"type":"single","resource":"litefish:items/lfish_150"},{"type":"single","resource":"litefish:items/lfish_36"},{"type":"single","resource":"litefish:items/lfish_151"},{"type":"single","resource":"custom/cars/motor_police"},{"type":"single","resource":"custom/cars/fiets_vrouw_bluediamond"},{"type":"single","resource":"elitecreatures:prison_furniture_v1/bed_1"},{"type":"single","resource":"litefish:items/lfish_33"},{"type":"single","resource":"litefish:items/lfish_163"},{"type":"single","resource":"custom/cars/planedragon"},{"type":"single","resource":"litefish:items/lfish_34"},{"type":"single","resource":"litefish:items/lfish_164"},{"type":"single","resource":"litefish:items/lfish_31"},{"type":"single","resource":"litefish:items/lfish_165"},{"type":"single","resource":"litefish:items/lfish_32"},{"type":"single","resource":"litefish:items/lfish_166"},{"type":"single","resource":"litefish:items/lfish_167"},{"type":"single","resource":"litefish:items/lfish_30"},{"type":"single","resource":"litefish:items/lfish_168"},{"type":"single","resource":"litefish:items/lfish_169"},{"type":"single","resource":"custom/cars/fiets_man_green"},{"type":"single","resource":"litefish:items/lfish_28"},{"type":"single","resource":"litefish:items/lfish_29"},{"type":"single","resource":"items/diamond_hoe"},{"type":"single","resource":"litefish:items/lfish_26"},{"type":"single","resource":"litefish:items/lfish_27"},{"type":"single","resource":"litefish:items/lfish_160"},{"type":"single","resource":"litefish:items/lfish_24"},{"type":"single","resource":"litefish:items/lfish_161"},{"type":"single","resource":"litefish:items/lfish_25"},{"type":"single","resource":"litefish:items/lfish_162"},{"type":"single","resource":"blocks/glass_gray"},{"type":"single","resource":"elitecreatures:prison_furniture_v1/shelf_1"},{"type":"single","resource":"nogs_menagerie:plushies/nm_plushie_fox_texture"},{"type":"single","resource":"custom/cars/plane"},{"type":"single","resource":"valentine_furniture_subpack:valentine_table_2_1"},{"type":"single","resource":"custom/cars/sedan_sportief_rainbow"},{"type":"single","resource":"items/particle"},{"type":"single","resource":"custom/cars/apache_gray"},{"type":"single","resource":"litefish:items/lfish_174"},{"type":"single","resource":"litefish:items/lfish_66"},{"type":"single","resource":"litefish:items/lfish_175"},{"type":"single","resource":"litefish:items/lfish_67"},{"type":"single","resource":"litefish:items/lfish_176"},{"type":"single","resource":"litefish:items/lfish_64"},{"type":"single","resource":"litefish:items/lfish_177"},{"type":"single","resource":"litefish:items/lfish_65"},{"type":"single","resource":"litefish:items/lfish_178"},{"type":"single","resource":"litefish:items/lfish_62"},{"type":"single","resource":"litefish:items/lfish_179"},{"type":"single","resource":"litefish:items/lfish_63"},{"type":"single","resource":"litefish:items/lfish_60"},{"type":"single","resource":"litefish:items/lfish_61"},{"type":"single","resource":"litefish:items/lfish_6"},{"type":"single","resource":"litefish:items/lfish_7"},{"type":"single","resource":"litefish:items/lfish_8"},{"type":"single","resource":"litefish:items/lfish_9"},{"type":"single","resource":"litefish:items/lfish_170"},{"type":"single","resource":"litefish:items/lfish_59"},{"type":"single","resource":"litefish:items/lfish_171"},{"type":"single","resource":"custom/cars/ufo_vehicle_black"},{"type":"single","resource":"elitecreatures:arcade_furniture_v2/claw_machine"},{"type":"single","resource":"litefish:items/lfish_172"},{"type":"single","resource":"litefish:items/lfish_57"},{"type":"single","resource":"litefish:items/lfish_173"},{"type":"single","resource":"litefish:items/lfish_58"},{"type":"single","resource":"custom/cars/fiets_man_gold"},{"type":"single","resource":"litefish:items/lfish_1"},{"type":"single","resource":"litefish:items/lfish_2"},{"type":"single","resource":"custom/cars/motor_orange"},{"type":"single","resource":"litefish:items/lfish_3"},{"type":"single","resource":"custom/cars/apache_upperblue"},{"type":"single","resource":"litefish:items/lfish_4"},{"type":"single","resource":"litefish:items/lfish_5"},{"type":"single","resource":"custom/cars/apache_brown"},{"type":"single","resource":"custom/cars/hoverboard_ender"},{"type":"single","resource":"custom/cars/sedan_koningsdag"},{"type":"single","resource":"_iainternal:icons/icon_right_blue"},{"type":"single","resource":"litefish:items/lfish_185"},{"type":"single","resource":"litefish:items/lfish_55"},{"type":"single","resource":"litefish:items/lfish_186"},{"type":"single","resource":"litefish:items/lfish_56"},{"type":"single","resource":"litefish:items/lfish_187"},{"type":"single","resource":"litefish:items/lfish_53"},{"type":"single","resource":"custom/cars/racecar_red"},{"type":"single","resource":"valentine_furniture_subpack:valentine_heart_balloon_1"},{"type":"single","resource":"litefish:items/lfish_188"},{"type":"single","resource":"litefish:items/lfish_54"},{"type":"single","resource":"litefish:items/lfish_189"},{"type":"single","resource":"litefish:items/lfish_51"},{"type":"single","resource":"litefish:items/lfish_52"},{"type":"single","resource":"litefish:items/lfish_50"},{"type":"single","resource":"litefish:items/lfish_180"},{"type":"single","resource":"custom/cars/fiets_vrouw_red"},{"type":"single","resource":"litefish:items/lfish_181"},{"type":"single","resource":"litefish:items/lfish_48"},{"type":"single","resource":"litefish:items/lfish_182"},{"type":"single","resource":"litefish:items/lfish_49"},{"type":"single","resource":"litefish:items/lfish_183"},{"type":"single","resource":"litefish:items/lfish_46"},{"type":"single","resource":"litefish:items/lfish_184"},{"type":"single","resource":"litefish:items/lfish_47"},{"type":"single","resource":"custom/cars/motor_pink"},{"type":"single","resource":"custom/cars/tank_legend_black"},{"type":"single","resource":"custom/cars/suv_cabrio_pinkwhite"},{"type":"single","resource":"elitecreatures:classroom_furniture_v1/classroom_decorate_book"},{"type":"single","resource":"custom/cars/racecar_emerald"},{"type":"single","resource":"custom/cars/sportief_peppa"},{"type":"single","resource":"litefish:items/lfish_196"},{"type":"single","resource":"custom/cars/motor_green"},{"type":"single","resource":"litefish:items/lfish_197"},{"type":"single","resource":"litefish:items/lfish_198"},{"type":"single","resource":"litefish:items/lfish_199"},{"type":"single","resource":"custom/cars/sportief_forest"},{"type":"single","resource":"custom/cars/sedan_yellow"},{"type":"single","resource":"litefish:items/lfish_190"},{"type":"single","resource":"custom/cars/tank_legend_camomarine"},{"type":"single","resource":"litefish:items/lfish_191"},{"type":"single","resource":"litefish:items/lfish_192"},{"type":"single","resource":"litefish:items/lfish_193"},{"type":"single","resource":"litefish:items/lfish_194"},{"type":"single","resource":"litefish:items/lfish_195"},{"type":"single","resource":"valentine_furniture_subpack:valentine_wine_glass"},{"type":"single","resource":"_iainternal:icons/icon_next_orange"},{"type":"single","resource":"custom/cars/hoverboard_champagne"},{"type":"single","resource":"custom/cars/racecar_orange"},{"type":"single","resource":"custom/cars/hotrod_gold"},{"type":"single","resource":"elitecreatures:arcade_furniture_v2/dartboard"},{"type":"single","resource":"custom/cars/fiets_man_red"},{"type":"single","resource":"valentine_furniture_subpack:valentine_heart_1"},{"type":"single","resource":"custom/cars/sportief_navyblauw"},{"type":"single","resource":"custom/cars/hotrod_blue"},{"type":"single","resource":"custom/cars/sedan_pink"},{"type":"single","resource":"custom/cars/sedan_sportief_gold"},{"type":"single","resource":"custom/cars/raket_legend_camodark"},{"type":"single","resource":"custom/cars/fiets_vrouw_gold"},{"type":"single","resource":"custom/cars/hovercraft_black"},{"type":"single","resource":"custom/cars/racecar_animatedrainbow"},{"type":"single","resource":"blocks/glass_lime"},{"type":"single","resource":"custom/cars/suv_pokemon"},{"type":"single","resource":"custom/cars/apache_criminalblack"},{"type":"single","resource":"custom/cars/planefighter"},{"type":"single","resource":"custom/cars/motor_white"},{"type":"single","resource":"custom/cars/sportief_flamegreen"},{"type":"single","resource":"custom/cars/fiets_vrouw_babygirl"},{"type":"single","resource":"custom/cars/sedan_green"},{"type":"single","resource":"custom/cars/jeep_gold"},{"type":"single","resource":"custom/cars/motor_koningsdag"},{"type":"single","resource":"custom/cars/racecar_pink"},{"type":"single","resource":"nogs_menagerie:plushies/nm_plushie_chicken_texture"},{"type":"single","resource":"_iainternal:icons/icon_cancel"},{"type":"single","resource":"custom/cars/jeep_blue"},{"type":"single","resource":"custom/cars/racecar_ender"},{"type":"single","resource":"custom/cars/sedan_sportief_quarts"},{"type":"single","resource":"elitecreatures:prison_furniture_v1/door_2"},{"type":"single","resource":"elitecreatures:prison_furniture_v1/door_1"},{"type":"single","resource":"custom/cars/hotrod_red"},{"type":"single","resource":"custom/cars/suv_red"},{"type":"single","resource":"custom/overige/broomstick_texture2"},{"type":"single","resource":"custom/cars/sportief_flamewhite"},{"type":"single","resource":"custom/cars/hotrod_black"},{"type":"single","resource":"custom/overige/broomstick_texture4"},{"type":"single","resource":"custom/overige/broomstick_texture3"},{"type":"single","resource":"custom/overige/broomstick_texture5"},{"type":"single","resource":"blocks/glass_light_blue"},{"type":"single","resource":"custom/cars/hotrod_valentijn"},{"type":"single","resource":"elitecreatures:classroom_furniture_v1/classroom_table_long"},{"type":"single","resource":"custom/cars/sedan_sportief_lego"},{"type":"single","resource":"custom/cars/sedan_sportief_diamond"},{"type":"single","resource":"blocks/water_still"},{"type":"single","resource":"custom/cars/sportief_black"},{"type":"single","resource":"custom/cars/suv_green"},{"type":"single","resource":"elitecreatures:arcade_furniture_v2/arcade_sign"},{"type":"single","resource":"custom/cars/apache_black"},{"type":"single","resource":"custom/cars/motor_gray"},{"type":"single","resource":"custom/cars/hovercraft_orange"},{"type":"single","resource":"custom/cars/raket_legend_black"},{"type":"single","resource":"custom/cars/sedan_les"},{"type":"single","resource":"custom/cars/motor_easter"},{"type":"single","resource":"custom/cars/planepurple"},{"type":"single","resource":"custom/cars/hoverboard_desert"},{"type":"single","resource":"elitecreatures:classroom_furniture_v1/classroom_picture"},{"type":"single","resource":"custom/cars/ufo_vehicle_blue"},{"type":"single","resource":"custom/cars/tank_legend_sand"},{"type":"single","resource":"elitecreatures:classroom_furniture_v1/classroom_cupboard_table"},{"type":"single","resource":"custom/cars/sportief_roze"},{"type":"single","resource":"custom/cars/apache_realpink"},{"type":"single","resource":"custom/cars/sportief_koningsclean"},{"type":"single","resource":"custom/cars/motor_red"},{"type":"single","resource":"custom/cars/sedan_lightning"},{"type":"single","resource":"custom/cars/suv_yellow"},{"type":"single","resource":"custom/cars/suv_pink"},{"type":"single","resource":"elitecreatures:arcade_furniture_v2/hockey_table"},{"type":"single","resource":"custom/cars/suv_ender"},{"type":"single","resource":"custom/cars/suv_white"},{"type":"single","resource":"custom/cars/planeorange"},{"type":"single","resource":"elitecreatures:prison_furniture_v1/guardrail_1"},{"type":"single","resource":"custom/cars/sedan_gray"},{"type":"single","resource":"custom/cars/hoverboard_goldenglass"},{"type":"single","resource":"custom/cars/ufo_vehicle_purple"},{"type":"single","resource":"custom/cars/apache_pink"},{"type":"single","resource":"valentine_furniture_subpack:valentine_place"},{"type":"single","resource":"custom/cars/motor_vierjaar"},{"type":"single","resource":"_iainternal:icons/icon_search"},{"type":"single","resource":"custom/cars/hoverboard_yellow"},{"type":"single","resource":"custom/cars/suv_cabrio_purplewhite"},{"type":"single","resource":"elitecreatures:arcade_furniture_v2/blue_arcade"},{"type":"single","resource":"custom/cars/sportief_flamered"},{"type":"single","resource":"custom/cars/sedan_sportief_babyboy"},{"type":"single","resource":"custom/cars/sedan_lemonyellow"},{"type":"single","resource":"custom/cars/sportief_emerald"},{"type":"single","resource":"elitecreatures:prison_furniture_v1/cctv_1"},{"type":"single","resource":"custom/cars/apache_copper"},{"type":"single","resource":"elitecreatures:classroom_furniture_v1/classroom_clock"},{"type":"single","resource":"elitecreatures:classroom_furniture_v1/classroom_shelf_with_book"},{"type":"single","resource":"custom/cars/suv_cabrio_greenwhite"},{"type":"single","resource":"custom/cars/ufo_vehicle_orange"},{"type":"single","resource":"custom/cars/sedan_black"},{"type":"single","resource":"custom/cars/sedan_beige"},{"type":"single","resource":"custom/cars/raket_legend_sand"},{"type":"single","resource":"custom/cars/fiets_man_pink"},{"type":"single","resource":"custom/cars/hoverboard_white"},{"type":"single","resource":"custom/cars/sedan_zalm"},{"type":"single","resource":"custom/cars/fiets_man_brown"},{"type":"single","resource":"valentine_furniture_subpack:valentine_cotton_1"},{"type":"single","resource":"custom/cars/wieken_groot"},{"type":"single","resource":"custom/cars/sedan_kerst"},{"type":"single","resource":"custom/cars/fiets_vrouw_brown"},{"type":"single","resource":"elitecreatures:prison_furniture_v1/sink_1"},{"type":"single","resource":"custom/cars/sedan_sportief_president"},{"type":"single","resource":"blocks/mushroom_block_skin_red"},{"type":"single","resource":"custom/cars/sportief_fakegold"},{"type":"single","resource":"elitecreatures:classroom_furniture_v1/classroom_television"},{"type":"single","resource":"custom/cars/sportief_nietrood"},{"type":"single","resource":"custom/cars/fiets_vrouw_rainbow"},{"type":"single","resource":"custom/cars/suv_criminalblack"},{"type":"single","resource":"elitecreatures:prison_furniture_v1/cage_2"},{"type":"single","resource":"elitecreatures:prison_furniture_v1/cage_1"},{"type":"single","resource":"custom/cars/fiets_vrouw_king"},{"type":"single","resource":"custom/cars/racecar_orangeblack"},{"type":"single","resource":"elitecreatures:prison_furniture_v1/shower_1"},{"type":"single","resource":"valentine_furniture_subpack:valentine_toy_1"},{"type":"single","resource":"items/texture"},{"type":"single","resource":"elitecreatures:arcade_furniture_v2/dance_arcade_machine"},{"type":"single","resource":"custom/cars/sedan_cars"},{"type":"single","resource":"custom/cars/sportief_white"},{"type":"single","resource":"custom/overige/broomstick_texture"},{"type":"single","resource":"custom/cars/suv_cabrio_orangeblack"},{"type":"single","resource":"elitecreatures:arcade_furniture_v2/big_pile_tokens"},{"type":"single","resource":"valentine_furniture_subpack:valentine_tree_1"},{"type":"single","resource":"nogs_menagerie:plushies/nm_plushie_sheep_texture"},{"type":"single","resource":"elitecreatures:arcade_furniture_v2/skee_ball"},{"type":"single","resource":"custom/cars/suv_politie"},{"type":"single","resource":"custom/cars/sportief_forestclean"},{"type":"single","resource":"custom/cars/raket_legend_camomarine"},{"type":"single","resource":"custom/cars/sportief_peppaclean"},{"type":"single","resource":"custom/cars/raket_legend_green"},{"type":"single","resource":"custom/cars/sedan_sportief_babygirl"},{"type":"single","resource":"custom/cars/suv_black"},{"type":"single","resource":"custom/cars/motor_black"},{"type":"single","resource":"custom/cars/apache_mint"},{"type":"single","resource":"elitecreatures:arcade_furniture_v2/red_arcade_chair"},{"type":"single","resource":"custom/cars/sedan_purple"},{"type":"single","resource":"custom/cars/apache_green"},{"type":"single","resource":"valentine_furniture_subpack:valentine_chair_1"},{"type":"single","resource":"blocks/concrete_yellow"},{"type":"single","resource":"custom/cars/fiets_man_gray"},{"type":"single","resource":"custom/cars/apache_roodze"},{"type":"single","resource":"_iainternal:icons/icon_back_orange"},{"type":"single","resource":"custom/cars/suv_gold"},{"type":"single","resource":"nogs_menagerie:plushies/nm_plushie_axolotl_texture"},{"type":"single","resource":"custom/cars/suv_blue"},{"type":"single","resource":"elitecreatures:arcade_furniture_v2/yellow_arcade_machine"},{"type":"single","resource":"elitecreatures:prison_furniture_v1/toilet_2"},{"type":"single","resource":"custom/cars/hovercraft_gold"},{"type":"single","resource":"elitecreatures:classroom_furniture_v1/classroom_table_teacher"},{"type":"single","resource":"elitecreatures:prison_furniture_v1/toilet_1"},{"type":"single","resource":"custom/cars/apache_gold"},{"type":"single","resource":"custom/cars/apache_blue"},{"type":"single","resource":"elitecreatures:classroom_furniture_v1/classroom_table"}]}